This is pdfTeX, Version 3.141592653-2.6-1.40.24 (TeX Live 2022) (preloaded format=pdflatex 2022.11.28)  24 NOV 2024 00:18
entering extended mode
 restricted \write18 enabled.
 %&-line parsing enabled.
**paper-diff
(./paper-diff.tex
LaTeX2e <2021-11-15> patch level 1
L3 programming layer <2022-02-24>
(/usr/local/texlive/2022/texmf-dist/tex/latex/silence/silence.sty
Package: silence 2012/07/02 v1.5b Selective filtering of warnings and error mes
sages
\sl@Save=\count185
\sl@StateNumber=\count186
\sl@MessageCount=\count187
\sl@Casualties=\count188
\sl@Filter=\toks16
\sl@Message=\toks17
\sl@UnexpandedMessage=\toks18
\sl@Mess@ge=\toks19
\sl@WarningCount=\count189
\sl@WarningNumber=\count190
\sl@WarningCasualties=\count191
\sl@TempBOW=\toks20
\sl@BankOfWarnings=\toks21
LaTeX Info: Redefining \GenericWarning on input line 433.
\sl@ErrorCount=\count192
\sl@ErrorNumber=\count193
\sl@ErrorCasualties=\count194
\sl@TempBOE=\toks22
\sl@BankOfErrors=\toks23
LaTeX Info: Redefining \GenericError on input line 601.
)
(./latex/atlaslatexpath.sty
Package: latex/atlaslatexpath 2024/06/25 v15.4.0 ATLAS LaTeX path
) (./latex//atlasdoc.cls

LaTeX Warning: You have requested document class `latex//atlasdoc',
               but the document class provides `latex/atlasdoc'.

Document Class: latex/atlasdoc 2024/06/25 v15.4.0 ATLAS document class
(/usr/local/texlive/2022/texmf-dist/tex/latex/base/ifthen.sty
Package: ifthen 2020/11/24 v1.1c Standard LaTeX ifthen package (DPC)
)
(/usr/local/texlive/2022/texmf-dist/tex/latex/l3packages/xparse/xparse.sty
(/usr/local/texlive/2022/texmf-dist/tex/latex/l3kernel/expl3.sty
Package: expl3 2022-02-24 L3 programming layer (loader) 

(/usr/local/texlive/2022/texmf-dist/tex/latex/l3backend/l3backend-pdftex.def
File: l3backend-pdftex.def 2022-02-07 L3 backend support: PDF output (pdfTeX)
\l__color_backend_stack_int=\count195
\l__pdf_internal_box=\box50
))
Package: xparse 2022-01-12 L3 Experimental document command parser
) (/usr/local/texlive/2022/texmf-dist/tex/latex/kvoptions/kvoptions.sty
Package: kvoptions 2020-10-07 v3.14 Key value format for package options (HO)

(/usr/local/texlive/2022/texmf-dist/tex/latex/graphics/keyval.sty
Package: keyval 2014/10/28 v1.15 key=value parser (DPC)
\KV@toks@=\toks24
)
(/usr/local/texlive/2022/texmf-dist/tex/generic/ltxcmds/ltxcmds.sty
Package: ltxcmds 2020-05-10 v1.25 LaTeX kernel commands for general use (HO)
)
(/usr/local/texlive/2022/texmf-dist/tex/generic/kvsetkeys/kvsetkeys.sty
Package: kvsetkeys 2019/12/15 v1.18 Key value parser (HO)
))
Class atlasdoc Info: No texlive option given - good! on input line 109.
Class atlasdoc Info: ATLAS LaTeX main version is default. on input line 117.

atlasdoc: ATLAS paper
atlasdoc: use KOMA-Script scrartcl class
(/usr/local/texlive/2022/texmf-dist/tex/latex/koma-script/scrartcl.cls
Document Class: scrartcl 2021/11/13 v3.35 KOMA-Script document class (article)
(/usr/local/texlive/2022/texmf-dist/tex/latex/koma-script/scrkbase.sty
Package: scrkbase 2021/11/13 v3.35 KOMA-Script package (KOMA-Script-dependent b
asics and keyval usage)

(/usr/local/texlive/2022/texmf-dist/tex/latex/koma-script/scrbase.sty
Package: scrbase 2021/11/13 v3.35 KOMA-Script package (KOMA-Script-independent 
basics and keyval usage)

(/usr/local/texlive/2022/texmf-dist/tex/latex/koma-script/scrlfile.sty
Package: scrlfile 2021/11/13 v3.35 KOMA-Script package (file load hooks)

(/usr/local/texlive/2022/texmf-dist/tex/latex/koma-script/scrlfile-hook.sty
Package: scrlfile-hook 2021/11/13 v3.35 KOMA-Script package (using LaTeX hooks)


(/usr/local/texlive/2022/texmf-dist/tex/latex/koma-script/scrlogo.sty
Package: scrlogo 2021/11/13 v3.35 KOMA-Script package (logo)
)))
Applying: [2021/05/01] Usage of raw or classic option list on input line 252.
Already applied: [0000/00/00] Usage of raw or classic option list on input line
 368.
))
(/usr/local/texlive/2022/texmf-dist/tex/latex/koma-script/tocbasic.sty
Package: tocbasic 2021/11/13 v3.35 KOMA-Script package (handling toc-files)
\scr@dte@tocline@numberwidth=\skip47
\scr@dte@tocline@numbox=\box51
)
Package tocbasic Info: babel extension for `toc' omitted
(tocbasic)             because of missing \bbl@set@language on input line 135.
Package scrartcl Info: You've used standard option `11pt'.
(scrartcl)             This is correct!
(scrartcl)             Internally I'm using `fontsize=11pt'.
(scrartcl)             If you'd like to set the option with \KOMAoptions,
(scrartcl)             you'd have to use `fontsize=11pt' there
(scrartcl)             instead of `11pt', too.
Class scrartcl Info: File `scrsize11pt.clo' used to setup font sizes on input l
ine 2242.

(/usr/local/texlive/2022/texmf-dist/tex/latex/koma-script/scrsize11pt.clo
File: scrsize11pt.clo 2021/11/13 v3.35 KOMA-Script font size class option (11pt
)
)
(/usr/local/texlive/2022/texmf-dist/tex/latex/koma-script/typearea.sty
Package: typearea 2021/11/13 v3.35 KOMA-Script package (type area)
\ta@bcor=\skip48
\ta@div=\count196
\ta@hblk=\skip49
\ta@vblk=\skip50
\ta@temp=\skip51
\footheight=\skip52
Package typearea Info: These are the values describing the layout:
(typearea)             DIV  = 10
(typearea)             BCOR = 0.0pt
(typearea)             \paperwidth      = 597.50793pt
(typearea)              \textwidth      = 418.25555pt
(typearea)              DIV departure   = -6%
(typearea)              \evensidemargin = 17.3562pt
(typearea)              \oddsidemargin  = 17.3562pt
(typearea)             \paperheight     = 845.04694pt
(typearea)              \textheight     = 595.80026pt
(typearea)              \topmargin      = -25.16531pt
(typearea)              \headheight     = 17.0pt
(typearea)              \headsep        = 20.40001pt
(typearea)              \topskip        = 11.0pt
(typearea)              \footskip       = 47.6pt
(typearea)              \baselineskip   = 13.6pt
(typearea)              on input line 1743.
)
\c@part=\count197
\c@section=\count198
\c@subsection=\count199
\c@subsubsection=\count266
\c@paragraph=\count267
\c@subparagraph=\count268
\scr@dte@section@maxnumwidth=\skip53
Class scrartcl Info: using compatibility default `runin=bysign'
(scrartcl)           for `\section on input line 4852.
Class scrartcl Info: using compatibility default `afterindent=bysign'
(scrartcl)           for `\section on input line 4852.
\scr@dte@part@maxnumwidth=\skip54
Class scrartcl Info: using compatibility default `afterindent=false'
(scrartcl)           for `\part on input line 4860.
\scr@dte@subsection@maxnumwidth=\skip55
Class scrartcl Info: using compatibility default `runin=bysign'
(scrartcl)           for `\subsection on input line 4870.
Class scrartcl Info: using compatibility default `afterindent=bysign'
(scrartcl)           for `\subsection on input line 4870.
\scr@dte@subsubsection@maxnumwidth=\skip56
Class scrartcl Info: using compatibility default `runin=bysign'
(scrartcl)           for `\subsubsection on input line 4880.
Class scrartcl Info: using compatibility default `afterindent=bysign'
(scrartcl)           for `\subsubsection on input line 4880.
\scr@dte@paragraph@maxnumwidth=\skip57
Class scrartcl Info: using compatibility default `runin=bysign'
(scrartcl)           for `\paragraph on input line 4891.
Class scrartcl Info: using compatibility default `afterindent=bysign'
(scrartcl)           for `\paragraph on input line 4891.
\scr@dte@subparagraph@maxnumwidth=\skip58
Class scrartcl Info: using compatibility default `runin=bysign'
(scrartcl)           for `\subparagraph on input line 4901.
Class scrartcl Info: using compatibility default `afterindent=bysign'
(scrartcl)           for `\subparagraph on input line 4901.
\abovecaptionskip=\skip59
\belowcaptionskip=\skip60
\c@pti@nb@sid@b@x=\box52
Package tocbasic Info: babel extension for `lof' omitted
(tocbasic)             because of missing \bbl@set@language on input line 6076.

\scr@dte@figure@maxnumwidth=\skip61
\c@figure=\count269
Package tocbasic Info: babel extension for `lot' omitted
(tocbasic)             because of missing \bbl@set@language on input line 6091.

\scr@dte@table@maxnumwidth=\skip62
\c@table=\count270
Class scrartcl Info: Redefining `\numberline' on input line 6258.
\bibindent=\dimen138
)
atlasdoc: paper size is a4
(/usr/local/texlive/2022/texmf-dist/tex/latex/graphics/graphicx.sty
Package: graphicx 2021/09/16 v1.2d Enhanced LaTeX Graphics (DPC,SPQR)

(/usr/local/texlive/2022/texmf-dist/tex/latex/graphics/graphics.sty
Package: graphics 2021/03/04 v1.4d Standard LaTeX Graphics (DPC,SPQR)

(/usr/local/texlive/2022/texmf-dist/tex/latex/graphics/trig.sty
Package: trig 2021/08/11 v1.11 sin cos tan (DPC)
)
(/usr/local/texlive/2022/texmf-dist/tex/latex/graphics-cfg/graphics.cfg
File: graphics.cfg 2016/06/04 v1.11 sample graphics configuration
)
Package graphics Info: Driver file: pdftex.def on input line 107.

(/usr/local/texlive/2022/texmf-dist/tex/latex/graphics-def/pdftex.def
File: pdftex.def 2020/10/05 v1.2a Graphics/color driver for pdftex
))
\Gin@req@height=\dimen139
\Gin@req@width=\dimen140
)
(/usr/local/texlive/2022/texmf-dist/tex/latex/xcolor/xcolor.sty
Package: xcolor 2021/10/31 v2.13 LaTeX color extensions (UK)

(/usr/local/texlive/2022/texmf-dist/tex/latex/graphics-cfg/color.cfg
File: color.cfg 2016/01/02 v1.6 sample color configuration
)
Package xcolor Info: Driver file: pdftex.def on input line 227.
Package xcolor Info: Model `cmy' substituted by `cmy0' on input line 1352.
Package xcolor Info: Model `hsb' substituted by `rgb' on input line 1356.
Package xcolor Info: Model `RGB' extended on input line 1368.
Package xcolor Info: Model `HTML' substituted by `rgb' on input line 1370.
Package xcolor Info: Model `Hsb' substituted by `hsb' on input line 1371.
Package xcolor Info: Model `tHsb' substituted by `hsb' on input line 1372.
Package xcolor Info: Model `HSB' substituted by `hsb' on input line 1373.
Package xcolor Info: Model `Gray' substituted by `gray' on input line 1374.
Package xcolor Info: Model `wave' substituted by `hsb' on input line 1375.

(/usr/local/texlive/2022/texmf-dist/tex/latex/xcolor/svgnam.def
File: svgnam.def 2021/10/31 v2.13 Predefined colors according to SVG 1.1 (UK)
))
(/usr/local/texlive/2022/texmf-dist/tex/generic/babel/babel.sty
Package: babel 2022/02/26 3.73 The Babel package
\babel@savecnt=\count271
\U@D=\dimen141
\l@unhyphenated=\language87

(/usr/local/texlive/2022/texmf-dist/tex/generic/babel/txtbabel.def)
\bbl@readstream=\read2
\bbl@dirlevel=\count272

(/usr/local/texlive/2022/texmf-dist/tex/generic/babel-english/UKenglish.ldf
Language: UKenglish 2017/06/06 v3.3r English support from the babel system

(/usr/local/texlive/2022/texmf-dist/tex/generic/babel-english/english.ldf
Language: english 2017/06/06 v3.3r English support from the babel system
Package babel Info: Hyphen rules for 'canadian' set to \l@english
(babel)             (\language0). Reported on input line 102.
Package babel Info: Hyphen rules for 'australian' set to \l@ukenglish
(babel)             (\language21). Reported on input line 105.
Package babel Info: Hyphen rules for 'newzealand' set to \l@ukenglish
(babel)             (\language21). Reported on input line 108.
)))
(/usr/local/texlive/2022/texmf-dist/tex/latex/mathtools/mathtools.sty
Package: mathtools 2022/02/07 v1.28a mathematical typesetting tools

(/usr/local/texlive/2022/texmf-dist/tex/latex/tools/calc.sty
Package: calc 2017/05/25 v4.3 Infix arithmetic (KKT,FJ)
\calc@Acount=\count273
\calc@Bcount=\count274
\calc@Adimen=\dimen142
\calc@Bdimen=\dimen143
\calc@Askip=\skip63
\calc@Bskip=\skip64
LaTeX Info: Redefining \setlength on input line 80.
LaTeX Info: Redefining \addtolength on input line 81.
\calc@Ccount=\count275
\calc@Cskip=\skip65
)
(/usr/local/texlive/2022/texmf-dist/tex/latex/mathtools/mhsetup.sty
Package: mhsetup 2021/03/18 v1.4 programming setup (MH)
)
(/usr/local/texlive/2022/texmf-dist/tex/latex/amsmath/amsmath.sty
Package: amsmath 2021/10/15 v2.17l AMS math features
\@mathmargin=\skip66

For additional information on amsmath, use the `?' option.
(/usr/local/texlive/2022/texmf-dist/tex/latex/amsmath/amstext.sty
Package: amstext 2021/08/26 v2.01 AMS text

(/usr/local/texlive/2022/texmf-dist/tex/latex/amsmath/amsgen.sty
File: amsgen.sty 1999/11/30 v2.0 generic functions
\@emptytoks=\toks25
\ex@=\dimen144
))
(/usr/local/texlive/2022/texmf-dist/tex/latex/amsmath/amsbsy.sty
Package: amsbsy 1999/11/29 v1.2d Bold Symbols
\pmbraise@=\dimen145
)
(/usr/local/texlive/2022/texmf-dist/tex/latex/amsmath/amsopn.sty
Package: amsopn 2021/08/26 v2.02 operator names
)
\inf@bad=\count276
LaTeX Info: Redefining \frac on input line 234.
\uproot@=\count277
\leftroot@=\count278
LaTeX Info: Redefining \overline on input line 399.
\classnum@=\count279
\DOTSCASE@=\count280
LaTeX Info: Redefining \ldots on input line 496.
LaTeX Info: Redefining \dots on input line 499.
LaTeX Info: Redefining \cdots on input line 620.
\Mathstrutbox@=\box53
\strutbox@=\box54
\big@size=\dimen146
LaTeX Font Info:    Redeclaring font encoding OML on input line 743.
LaTeX Font Info:    Redeclaring font encoding OMS on input line 744.
\macc@depth=\count281
\c@MaxMatrixCols=\count282
\dotsspace@=\muskip16
\c@parentequation=\count283
\dspbrk@lvl=\count284
\tag@help=\toks26
\row@=\count285
\column@=\count286
\maxfields@=\count287
\andhelp@=\toks27
\eqnshift@=\dimen147
\alignsep@=\dimen148
\tagshift@=\dimen149
\tagwidth@=\dimen150
\totwidth@=\dimen151
\lineht@=\dimen152
\@envbody=\toks28
\multlinegap=\skip67
\multlinetaggap=\skip68
\mathdisplay@stack=\toks29
LaTeX Info: Redefining \[ on input line 2938.
LaTeX Info: Redefining \] on input line 2939.
)
\g_MT_multlinerow_int=\count288
\l_MT_multwidth_dim=\dimen153
\origjot=\skip69
\l_MT_shortvdotswithinadjustabove_dim=\dimen154
\l_MT_shortvdotswithinadjustbelow_dim=\dimen155
\l_MT_above_intertext_sep=\dimen156
\l_MT_below_intertext_sep=\dimen157
\l_MT_above_shortintertext_sep=\dimen158
\l_MT_below_shortintertext_sep=\dimen159
\xmathstrut@box=\box55
\xmathstrut@dim=\dimen160
)
Package typearea Info: These are the values describing the layout:
(typearea)             DIV  = 14
(typearea)             BCOR = 0.0pt
(typearea)             \paperwidth      = 597.50793pt
(typearea)              \textwidth      = 469.47052pt
(typearea)              DIV departure   = -20%
(typearea)              \evensidemargin = -8.25128pt
(typearea)              \oddsidemargin  = -8.25128pt
(typearea)             \paperheight     = 845.04694pt
(typearea)              \textheight     = 636.60028pt
(typearea)              \topmargin      = -11.9095pt
(typearea)              \headheight     = 17.0pt
(typearea)              \headsep        = 20.40001pt
(typearea)              \topskip        = 11.0pt
(typearea)              \footskip       = 47.6pt
(typearea)              \baselineskip   = 13.6pt
(typearea)              on input line 426.
Package typearea Info: These are the values describing the layout:
(typearea)             DIV  = 14
(typearea)             BCOR = 14.22636pt
(typearea)             \paperwidth      = 597.50793pt
(typearea)              \textwidth      = 458.29268pt
(typearea)              DIV departure   = -17%
(typearea)              \evensidemargin = 4.45082pt
(typearea)              \oddsidemargin  = 4.45082pt
(typearea)             \paperheight     = 845.04694pt
(typearea)              \textheight     = 636.60028pt
(typearea)              \topmargin      = -11.9095pt
(typearea)              \headheight     = 17.0pt
(typearea)              \headsep        = 20.40001pt
(typearea)              \topskip        = 11.0pt
(typearea)              \footskip       = 47.6pt
(typearea)              \baselineskip   = 13.6pt
(typearea)              on input line 426.
Class atlasdoc Info: Using 2021/11/13 v3.35 KOMA-Script, which is fine on input
 line 439.
Package scrkbase Info: You've told me to redefine the font selection of the
(scrkbase)             element `pagehead' that is an alias of element
(scrkbase)             `pageheadfoot' on input line 480.

atlasdoc: remove dots in table of contents style.
atlasdoc: load atlascover package
(./latex//atlascover.sty

LaTeX Warning: You have requested package `latex//atlascover',
               but the package provides `latex/atlascover'.

Package: latex/atlascover 2024/06/25 v15.4.0 ATLAS cover pages
atlascover: Cover page for paper draft will be made
atlascover: loaded from atlasdoc
atlascover: ATLAS cover called from atlasdoc
atlascover: telling atlasdoc we want a cover page
(/usr/local/texlive/2022/texmf-dist/tex/latex/hyperref/hyperref.sty
Package: hyperref 2022-02-21 v7.00n Hypertext links for LaTeX

(/usr/local/texlive/2022/texmf-dist/tex/generic/iftex/iftex.sty
Package: iftex 2022/02/03 v1.0f TeX engine tests
)
(/usr/local/texlive/2022/texmf-dist/tex/generic/pdftexcmds/pdftexcmds.sty
Package: pdftexcmds 2020-06-27 v0.33 Utility functions of pdfTeX for LuaTeX (HO
)

(/usr/local/texlive/2022/texmf-dist/tex/generic/infwarerr/infwarerr.sty
Package: infwarerr 2019/12/03 v1.5 Providing info/warning/error messages (HO)
)
Package pdftexcmds Info: \pdf@primitive is available.
Package pdftexcmds Info: \pdf@ifprimitive is available.
Package pdftexcmds Info: \pdfdraftmode found.
)
(/usr/local/texlive/2022/texmf-dist/tex/generic/kvdefinekeys/kvdefinekeys.sty
Package: kvdefinekeys 2019-12-19 v1.6 Define keys (HO)
)
(/usr/local/texlive/2022/texmf-dist/tex/generic/pdfescape/pdfescape.sty
Package: pdfescape 2019/12/09 v1.15 Implements pdfTeX's escape features (HO)
)
(/usr/local/texlive/2022/texmf-dist/tex/latex/hycolor/hycolor.sty
Package: hycolor 2020-01-27 v1.10 Color options for hyperref/bookmark (HO)
)
(/usr/local/texlive/2022/texmf-dist/tex/latex/letltxmacro/letltxmacro.sty
Package: letltxmacro 2019/12/03 v1.6 Let assignment for LaTeX macros (HO)
)
(/usr/local/texlive/2022/texmf-dist/tex/latex/auxhook/auxhook.sty
Package: auxhook 2019-12-17 v1.6 Hooks for auxiliary files (HO)
)
\@linkdim=\dimen161
\Hy@linkcounter=\count289
\Hy@pagecounter=\count290

(/usr/local/texlive/2022/texmf-dist/tex/latex/hyperref/pd1enc.def
File: pd1enc.def 2022-02-21 v7.00n Hyperref: PDFDocEncoding definition (HO)
Now handling font encoding PD1 ...
... no UTF-8 mapping file for font encoding PD1
)
(/usr/local/texlive/2022/texmf-dist/tex/generic/intcalc/intcalc.sty
Package: intcalc 2019/12/15 v1.3 Expandable calculations with integers (HO)
)
(/usr/local/texlive/2022/texmf-dist/tex/generic/etexcmds/etexcmds.sty
Package: etexcmds 2019/12/15 v1.7 Avoid name clashes with e-TeX commands (HO)
)
\Hy@SavedSpaceFactor=\count291

(/usr/local/texlive/2022/texmf-dist/tex/latex/hyperref/puenc.def
File: puenc.def 2022-02-21 v7.00n Hyperref: PDF Unicode definition (HO)
Now handling font encoding PU ...
... no UTF-8 mapping file for font encoding PU
)
Package hyperref Info: Hyper figures OFF on input line 4137.
Package hyperref Info: Link nesting OFF on input line 4142.
Package hyperref Info: Hyper index ON on input line 4145.
Package hyperref Info: Plain pages OFF on input line 4152.
Package hyperref Info: Backreferencing OFF on input line 4157.
Package hyperref Info: Implicit mode ON; LaTeX internals redefined.
Package hyperref Info: Bookmarks ON on input line 4390.
\c@Hy@tempcnt=\count292

(/usr/local/texlive/2022/texmf-dist/tex/latex/url/url.sty
\Urlmuskip=\muskip17
Package: url 2013/09/16  ver 3.4  Verb mode for urls, etc.
)
LaTeX Info: Redefining \url on input line 4749.
\XeTeXLinkMargin=\dimen162

(/usr/local/texlive/2022/texmf-dist/tex/generic/bitset/bitset.sty
Package: bitset 2019/12/09 v1.3 Handle bit-vector datatype (HO)

(/usr/local/texlive/2022/texmf-dist/tex/generic/bigintcalc/bigintcalc.sty
Package: bigintcalc 2019/12/15 v1.5 Expandable calculations on big integers (HO
)
))
\Fld@menulength=\count293
\Field@Width=\dimen163
\Fld@charsize=\dimen164
Package hyperref Info: Hyper figures OFF on input line 6027.
Package hyperref Info: Link nesting OFF on input line 6032.
Package hyperref Info: Hyper index ON on input line 6035.
Package hyperref Info: backreferencing OFF on input line 6042.
Package hyperref Info: Link coloring OFF on input line 6047.
Package hyperref Info: Link coloring with OCG OFF on input line 6052.
Package hyperref Info: PDF/A mode OFF on input line 6057.
LaTeX Info: Redefining \ref on input line 6097.
LaTeX Info: Redefining \pageref on input line 6101.

(/usr/local/texlive/2022/texmf-dist/tex/latex/base/atbegshi-ltx.sty
Package: atbegshi-ltx 2021/01/10 v1.0c Emulation of the original atbegshi
package with kernel methods
)
\Hy@abspage=\count294
\c@Item=\count295
\c@Hfootnote=\count296
)
Package hyperref Info: Driver (autodetected): hpdftex.

(/usr/local/texlive/2022/texmf-dist/tex/latex/hyperref/hpdftex.def
File: hpdftex.def 2022-02-21 v7.00n Hyperref driver for pdfTeX

(/usr/local/texlive/2022/texmf-dist/tex/latex/base/atveryend-ltx.sty
Package: atveryend-ltx 2020/08/19 v1.0a Emulation of the original atveryend pac
kage
with kernel methods
)
\Fld@listcount=\count297
\c@bookmark@seq@number=\count298

(/usr/local/texlive/2022/texmf-dist/tex/latex/rerunfilecheck/rerunfilecheck.sty
Package: rerunfilecheck 2019/12/05 v1.9 Rerun checks for auxiliary files (HO)

(/usr/local/texlive/2022/texmf-dist/tex/generic/uniquecounter/uniquecounter.sty
Package: uniquecounter 2019/12/15 v1.4 Provide unlimited unique counter (HO)
)
Package uniquecounter Info: New unique counter `rerunfilecheck' on input line 2
86.
)
\Hy@SectionHShift=\skip70
)
\ACOV@size=\skip71
\ACOV@space=\skip72
\ACOV@sizes=\skip73
\ACOV@spaces=\skip74
\ACOV@sizel=\skip75
\ACOV@spacel=\skip76
\ACOV@sizeL=\skip77
\ACOV@spaceL=\skip78
\ACOV@sizeh=\skip79
\ACOV@spaceh=\skip80
\coverpageparbox=\skip81
)
atlasdoc: using newtx fonts package
(/usr/local/texlive/2022/texmf-dist/tex/latex/base/fontenc.sty
Package: fontenc 2021/04/29 v2.0v Standard LaTeX package
)
(/usr/local/texlive/2022/texmf-dist/tex/latex/newtx/newtxtext.sty
Package: newtxtext 2022/02/28 v1.71(Michael Sharpe) latex and unicode latex sup
port for TeXGyreTermesX

`newtxtext' v1.71, 2022/02/28 Text macros taking advantage of TeXGyre Termes an
d its extensions (msharpe)
(/usr/local/texlive/2022/texmf-dist/tex/latex/xkeyval/xkeyval.sty
Package: xkeyval 2020/11/20 v2.8 package option processing (HA)

(/usr/local/texlive/2022/texmf-dist/tex/generic/xkeyval/xkeyval.tex
(/usr/local/texlive/2022/texmf-dist/tex/generic/xkeyval/xkvutils.tex
\XKV@toks=\toks30
\XKV@tempa@toks=\toks31
)
\XKV@depth=\count299
File: xkeyval.tex 2014/12/03 v2.7a key=value parser (HA)
))
(/usr/local/texlive/2022/texmf-dist/tex/latex/etoolbox/etoolbox.sty
Package: etoolbox 2020/10/05 v2.5k e-TeX tools for LaTeX (JAW)
\etb@tempcnta=\count300
)
(/usr/local/texlive/2022/texmf-dist/tex/latex/base/textcomp.sty
Package: textcomp 2020/02/02 v2.0n Standard LaTeX package
)
(/usr/local/texlive/2022/texmf-dist/tex/generic/xstring/xstring.sty
(/usr/local/texlive/2022/texmf-dist/tex/generic/xstring/xstring.tex
\integerpart=\count301
\decimalpart=\count302
)
Package: xstring 2021/07/21 v1.84 String manipulations (CT)
)
(/usr/local/texlive/2022/texmf-dist/tex/latex/carlisle/scalefnt.sty)
LaTeX Font Info:    Setting ntxLF sub-encoding to TS1/0 on input line 21.
LaTeX Font Info:    Setting ntxTLF sub-encoding to TS1/0 on input line 21.
LaTeX Font Info:    Setting ntxOsF sub-encoding to TS1/0 on input line 21.
LaTeX Font Info:    Setting ntxTOsF sub-encoding to TS1/0 on input line 21.

(/usr/local/texlive/2022/texmf-dist/tex/generic/kastrup/binhex.tex)
\ntx@tmpcnta=\count303
\ntx@cnt=\count304

ntx@otftextfalse
(/usr/local/texlive/2022/texmf-dist/tex/latex/fontaxes/fontaxes.sty
Package: fontaxes 2020/07/21 v1.0e Font selection axes
LaTeX Info: Redefining \upshape on input line 29.
LaTeX Info: Redefining \itshape on input line 31.
LaTeX Info: Redefining \slshape on input line 33.
LaTeX Info: Redefining \swshape on input line 35.
LaTeX Info: Redefining \scshape on input line 37.
LaTeX Info: Redefining \sscshape on input line 39.
LaTeX Info: Redefining \ulcshape on input line 41.
LaTeX Info: Redefining \textsw on input line 47.
LaTeX Info: Redefining \textssc on input line 48.
LaTeX Info: Redefining \textulc on input line 49.
)
LaTeX Info: Redefining \oldstylenums on input line 657.
)
(/usr/local/texlive/2022/texmf-dist/tex/latex/newtx/newtxmath.sty
Package: newtxmath 2022/01/16 v1.71

`newtxmath' v1.71, 2022/01/16 Math macros based originally on txfonts (msharpe)
(/usr/local/texlive/2022/texmf-dist/tex/generic/iftex/ifxetex.sty
Package: ifxetex 2019/10/25 v0.7 ifxetex legacy package. Use iftex instead.
)
(/usr/local/texlive/2022/texmf-dist/tex/generic/iftex/ifluatex.sty
Package: ifluatex 2019/10/25 v1.5 ifluatex legacy package. Use iftex instead.
)
(/usr/local/texlive/2022/texmf-dist/tex/latex/oberdiek/centernot.sty
Package: centernot 2016/05/16 v1.4 Centers the not symbol horizontally (HO)
)
\tx@cntz=\count305

(/usr/local/texlive/2022/texmf-dist/tex/generic/kastrup/binhex.tex)
\tx@Isdigit=\count306
\tx@IsAlNum=\count307
\tx@tA=\toks32
\tx@tB=\toks33
\tx@su=\read3

amsthm NOT loaded
LaTeX Font Info:    Redeclaring symbol font `operators' on input line 376.
LaTeX Font Info:    Overwriting symbol font `operators' in version `normal'
(Font)                  OT1/cmr/m/n --> OT1/minntx/m/n on input line 376.
LaTeX Font Info:    Overwriting symbol font `operators' in version `bold'
(Font)                  OT1/cmr/bx/n --> OT1/minntx/m/n on input line 376.
LaTeX Font Info:    Overwriting symbol font `operators' in version `bold'
(Font)                  OT1/minntx/m/n --> OT1/minntx/b/n on input line 377.
LaTeX Font Info:    Redeclaring math alphabet \mathsf on input line 383.
LaTeX Font Info:    Overwriting math alphabet `\mathsf' in version `normal'
(Font)                  OT1/cmss/m/n --> T1/qhv/m/n on input line 383.
LaTeX Font Info:    Overwriting math alphabet `\mathsf' in version `bold'
(Font)                  OT1/cmss/bx/n --> T1/qhv/m/n on input line 383.
LaTeX Font Info:    Redeclaring math alphabet \mathit on input line 384.
LaTeX Font Info:    Overwriting math alphabet `\mathit' in version `normal'
(Font)                  OT1/cmr/m/it --> OT1/minntx/m/it on input line 384.
LaTeX Font Info:    Overwriting math alphabet `\mathit' in version `bold'
(Font)                  OT1/cmr/bx/it --> OT1/minntx/m/it on input line 384.
LaTeX Font Info:    Redeclaring math alphabet \mathtt on input line 385.
LaTeX Font Info:    Overwriting math alphabet `\mathtt' in version `normal'
(Font)                  OT1/cmtt/m/n --> T1/ntxtt/m/n on input line 385.
LaTeX Font Info:    Overwriting math alphabet `\mathtt' in version `bold'
(Font)                  OT1/cmtt/m/n --> T1/ntxtt/m/n on input line 385.
LaTeX Font Info:    Redeclaring math alphabet \mathbf on input line 387.
LaTeX Font Info:    Overwriting math alphabet `\mathbf' in version `normal'
(Font)                  OT1/cmr/bx/n --> OT1/minntx/b/n on input line 387.
LaTeX Font Info:    Overwriting math alphabet `\mathbf' in version `bold'
(Font)                  OT1/cmr/bx/n --> OT1/minntx/b/n on input line 387.
LaTeX Font Info:    Overwriting math alphabet `\mathit' in version `bold'
(Font)                  OT1/minntx/m/it --> OT1/minntx/b/it on input line 388.
LaTeX Font Info:    Overwriting math alphabet `\mathsf' in version `bold'
(Font)                  T1/qhv/m/n --> T1/qhv/b/n on input line 389.
LaTeX Font Info:    Overwriting math alphabet `\mathtt' in version `bold'
(Font)                  T1/ntxtt/m/n --> T1/ntxtt/b/n on input line 390.
LaTeX Font Info:    Redeclaring symbol font `letters' on input line 491.
LaTeX Font Info:    Overwriting symbol font `letters' in version `normal'
(Font)                  OML/cmm/m/it --> OML/ntxmi/m/it on input line 491.
LaTeX Font Info:    Overwriting symbol font `letters' in version `bold'
(Font)                  OML/cmm/b/it --> OML/ntxmi/m/it on input line 491.
LaTeX Font Info:    Overwriting symbol font `letters' in version `bold'
(Font)                  OML/ntxmi/m/it --> OML/ntxmi/b/it on input line 492.
\symlettersA=\mathgroup4
LaTeX Font Info:    Overwriting symbol font `lettersA' in version `bold'
(Font)                  U/ntxmia/m/it --> U/ntxmia/b/it on input line 547.
Now handling font encoding LMS ...
... no UTF-8 mapping file for font encoding LMS
LaTeX Font Info:    Redeclaring symbol font `symbols' on input line 568.
LaTeX Font Info:    Encoding `OMS' has changed to `LMS' for symbol font
(Font)              `symbols' in the math version `normal' on input line 568.
LaTeX Font Info:    Overwriting symbol font `symbols' in version `normal'
(Font)                  OMS/cmsy/m/n --> LMS/ntxsy/m/n on input line 568.
LaTeX Font Info:    Encoding `OMS' has changed to `LMS' for symbol font
(Font)              `symbols' in the math version `bold' on input line 568.
LaTeX Font Info:    Overwriting symbol font `symbols' in version `bold'
(Font)                  OMS/cmsy/b/n --> LMS/ntxsy/m/n on input line 568.
LaTeX Font Info:    Overwriting symbol font `symbols' in version `bold'
(Font)                  LMS/ntxsy/m/n --> LMS/ntxsy/b/n on input line 569.
\symAMSm=\mathgroup5
LaTeX Font Info:    Overwriting symbol font `AMSm' in version `bold'
(Font)                  U/ntxsym/m/n --> U/ntxsym/b/n on input line 594.
\symsymbolsC=\mathgroup6
LaTeX Font Info:    Overwriting symbol font `symbolsC' in version `bold'
(Font)                  U/ntxsyc/m/n --> U/ntxsyc/b/n on input line 615.
Now handling font encoding LMX ...
... no UTF-8 mapping file for font encoding LMX
LaTeX Font Info:    Redeclaring symbol font `largesymbols' on input line 628.
LaTeX Font Info:    Encoding `OMX' has changed to `LMX' for symbol font
(Font)              `largesymbols' in the math version `normal' on input line 6
28.
LaTeX Font Info:    Overwriting symbol font `largesymbols' in version `normal'
(Font)                  OMX/cmex/m/n --> LMX/ntxexx/m/n on input line 628.
LaTeX Font Info:    Encoding `OMX' has changed to `LMX' for symbol font
(Font)              `largesymbols' in the math version `bold' on input line 628
.
LaTeX Font Info:    Overwriting symbol font `largesymbols' in version `bold'
(Font)                  OMX/cmex/m/n --> LMX/ntxexx/m/n on input line 628.
LaTeX Font Info:    Overwriting symbol font `largesymbols' in version `bold'
(Font)                  LMX/ntxexx/m/n --> LMX/ntxexx/b/n on input line 629.
\symlargesymbolsTXA=\mathgroup7
LaTeX Font Info:    Overwriting symbol font `largesymbolsTXA' in version `bold'

(Font)                  U/ntxexa/m/n --> U/ntxexa/b/n on input line 643.
\tx@sbptoks=\toks34
LaTeX Font Info:    Redeclaring math delimiter \lfloor on input line 866.
LaTeX Font Info:    Redeclaring math delimiter \rfloor on input line 867.
LaTeX Font Info:    Redeclaring math delimiter \lceil on input line 868.
LaTeX Font Info:    Redeclaring math delimiter \rceil on input line 869.
LaTeX Font Info:    Redeclaring math delimiter \lbrace on input line 870.
LaTeX Font Info:    Redeclaring math delimiter \rbrace on input line 871.
LaTeX Font Info:    Redeclaring math delimiter \langle on input line 872.
LaTeX Font Info:    Redeclaring math delimiter \rangle on input line 874.
LaTeX Font Info:    Redeclaring math delimiter \arrowvert on input line 878.
LaTeX Font Info:    Redeclaring math delimiter \vert on input line 879.
LaTeX Font Info:    Redeclaring math symbol \hbar on input line 925.
LaTeX Font Info:    Redeclaring math accent \dot on input line 950.
LaTeX Font Info:    Redeclaring math accent \ddot on input line 951.
LaTeX Font Info:    Redeclaring math accent \vec on input line 2020.
LaTeX Info: Redefining \Bbbk on input line 2810.
LaTeX Info: Redefining \not on input line 2959.
)
LaTeX Font Info:    Trying to load font information for T1+minntx on input line
 585.
 (/usr/local/texlive/2022/texmf-dist/tex/latex/newtx/t1minntx.fd
File: t1minntx.fd 2022/01/20 v1.1 font definition file for T1/minntx
)
Package typearea Info: These are the values describing the layout:
(typearea)             DIV  = 14
(typearea)             BCOR = 14.22636pt
(typearea)             \paperwidth      = 597.50793pt
(typearea)              \textwidth      = 458.29268pt
(typearea)              DIV departure   = -25%
(typearea)              \evensidemargin = 4.45082pt
(typearea)              \oddsidemargin  = 4.45082pt
(typearea)             \paperheight     = 845.04694pt
(typearea)              \textheight     = 636.60028pt
(typearea)              \topmargin      = -11.9095pt
(typearea)              \headheight     = 17.0pt
(typearea)              \headsep        = 20.40001pt
(typearea)              \topskip        = 11.0pt
(typearea)              \footskip       = 47.6pt
(typearea)              \baselineskip   = 13.6pt
(typearea)              on input line 585.

(/usr/local/texlive/2022/texmf-dist/tex/latex/lineno/lineno.sty
Package: lineno 2005/11/02 line numbers on paragraphs v4.41
\linenopenalty=\count308
\output=\toks35
\linenoprevgraf=\count309
\linenumbersep=\dimen165
\linenumberwidth=\dimen166
\c@linenumber=\count310
\c@pagewiselinenumber=\count311
\c@LN@truepage=\count312
\c@internallinenumber=\count313
\c@internallinenumbers=\count314
\quotelinenumbersep=\dimen167
\bframerule=\dimen168
\bframesep=\dimen169
\bframebox=\box56
LaTeX Info: Redefining \\ on input line 3056.
)
(/usr/local/texlive/2022/texmf-dist/tex/latex/xpatch/xpatch.sty
Package: xpatch 2020/03/25 v0.3a Extending etoolbox patching commands
)
atlasdoc: add line numbers to equations
atlasdoc xpatch: Extra linenumber patch worked
\timehh=\count315
\timemm=\count316
\titlepageparbox=\skip82
) (/usr/local/texlive/2022/texmf-dist/tex/latex/base/inputenc.sty
Package: inputenc 2021/02/14 v1.3d Input encoding file
\inpenc@prehook=\toks36
\inpenc@posthook=\toks37
)
(/usr/local/texlive/2022/texmf-dist/tex/latex/caption/caption.sty
Package: caption 2022/03/01 v3.6b Customizing captions (AR)

(/usr/local/texlive/2022/texmf-dist/tex/latex/caption/caption3.sty
Package: caption3 2022/03/17 v2.3b caption3 kernel (AR)
\caption@tempdima=\dimen170
\captionmargin=\dimen171
\caption@leftmargin=\dimen172
\caption@rightmargin=\dimen173
\caption@width=\dimen174
\caption@indent=\dimen175
\caption@parindent=\dimen176
\caption@hangindent=\dimen177
Package caption Info: KOMA-Script document class detected.

(/usr/local/texlive/2022/texmf-dist/tex/latex/caption/caption-koma.sto
File: caption-koma.sto 2020/09/21 v2.0b Adaption of the caption package to the 
KOMA-Script document classes (AR)
))
\c@caption@flags=\count317
\c@continuedfloat=\count318
Package caption Info: hyperref package is loaded.
)
(/usr/local/texlive/2022/texmf-dist/tex/latex/graphics/rotating.sty
Package: rotating 2016/08/11 v2.16d rotated objects in LaTeX
\c@r@tfl@t=\count319
\rotFPtop=\skip83
\rotFPbot=\skip84
\rot@float@box=\box57
\rot@mess@toks=\toks38
)
(/usr/local/texlive/2022/texmf-dist/tex/latex/pdflscape/pdflscape.sty
Package: pdflscape 2019/12/05 v0.12 Display of landscape pages in PDF (HO)

(/usr/local/texlive/2022/texmf-dist/tex/latex/graphics/lscape.sty
Package: lscape 2020/05/28 v3.02 Landscape Pages (DPC)
)
Package pdflscape Info: Auto-detected driver: pdftex on input line 81.
)
(/usr/local/texlive/2022/texmf-dist/tex/latex/tools/array.sty
Package: array 2021/10/04 v2.5f Tabular extension package (FMi)
\col@sep=\dimen178
\ar@mcellbox=\box58
\extrarowheight=\dimen179
\NC@list=\toks39
\extratabsurround=\skip85
\backup@length=\skip86
\ar@cellbox=\box59
)
(/usr/local/texlive/2022/texmf-dist/tex/latex/booktabs/booktabs.sty
Package: booktabs 2020/01/12 v1.61803398 Publication quality tables
\heavyrulewidth=\dimen180
\lightrulewidth=\dimen181
\cmidrulewidth=\dimen182
\belowrulesep=\dimen183
\belowbottomsep=\dimen184
\aboverulesep=\dimen185
\abovetopsep=\dimen186
\cmidrulesep=\dimen187
\cmidrulekern=\dimen188
\defaultaddspace=\dimen189
\@cmidla=\count320
\@cmidlb=\count321
\@aboverulesep=\dimen190
\@belowrulesep=\dimen191
\@thisruleclass=\count322
\@lastruleclass=\count323
\@thisrulewidth=\dimen192
)
(/usr/local/texlive/2022/texmf-dist/tex/latex/multirow/multirow.sty
Package: multirow 2021/03/15 v2.8 Span multiple rows of a table
\multirow@colwidth=\skip87
\multirow@cntb=\count324
\multirow@dima=\skip88
\bigstrutjot=\dimen193
)
(/usr/local/texlive/2022/texmf-dist/tex/latex/placeins/placeins.sty
Package: placeins 2005/04/18  v 2.2
)
(/usr/local/texlive/2022/texmf-dist/tex/latex/tools/enumerate.sty
Package: enumerate 2015/07/23 v3.00 enumerate extensions (DPC)
\@enLab=\toks40
)
(/usr/local/texlive/2022/texmf-dist/tex/latex/geometry/geometry.sty
Package: geometry 2020/01/02 v5.9 Page Geometry

(/usr/local/texlive/2022/texmf-dist/tex/generic/iftex/ifvtex.sty
Package: ifvtex 2019/10/25 v1.7 ifvtex legacy package. Use iftex instead.
)
\Gm@cnth=\count325
\Gm@cntv=\count326
\c@Gm@tempcnt=\count327
\Gm@bindingoffset=\dimen194
\Gm@wd@mp=\dimen195
\Gm@odd@mp=\dimen196
\Gm@even@mp=\dimen197
\Gm@layoutwidth=\dimen198
\Gm@layoutheight=\dimen199
\Gm@layouthoffset=\dimen256
\Gm@layoutvoffset=\dimen257
\Gm@dimlist=\toks41
)
(/usr/local/texlive/2022/texmf-dist/tex/latex/scalerel/scalerel.sty
Package: scalerel 2016/12/29 v1.8 Routines for constrained scaling and stretchi
ng of objects, relative to a reference object or in absolute terms
\thesrwidth=\skip89
\thesrheight=\skip90
\srblobheight=\skip91
\srblobdepth=\skip92
\mnxsrwidth=\skip93
\LMex=\skip94
\LMpt=\skip95
)
(/usr/local/texlive/2022/texmf-dist/tex/latex/units/nicefrac.sty
Package: nicefrac 1998/08/04 v0.9b Nice fractions
\L@UnitsRaiseDisplaystyle=\skip96
\L@UnitsRaiseTextstyle=\skip97
\L@UnitsRaiseScriptstyle=\skip98
)
(/usr/local/texlive/2022/texmf-dist/tex/latex/colortbl/colortbl.sty
Package: colortbl 2020/01/04 v1.0e Color table columns (DPC)
\everycr=\toks42
\minrowclearance=\skip99
)
(/usr/local/texlive/2022/texmf-dist/tex/latex/tabulary/tabulary.sty
Package: tabulary 2014/06/11 v0.10 tabulary package (DPC)
\TY@count=\count328
\TY@linewidth=\dimen258
\tymin=\dimen259
\tymax=\dimen260
\TY@tablewidth=\dimen261
)
(/usr/local/texlive/2022/texmf-dist/tex/latex/algorithm2e/algorithm2e.sty
Package: algorithm2e 2017/07/18 v5.2 algorithms environments
\c@AlgoLine=\count329
\algocf@hangindent=\skip100

(/usr/local/texlive/2022/texmf-dist/tex/latex/ifoddpage/ifoddpage.sty
Package: ifoddpage 2016/04/23 v1.1 Conditionals for odd/even page detection
\c@checkoddpage=\count330
)
(/usr/local/texlive/2022/texmf-dist/tex/latex/tools/xspace.sty
Package: xspace 2014/10/28 v1.13 Space after command names (DPC,MH)
)
(/usr/local/texlive/2022/texmf-dist/tex/latex/relsize/relsize.sty
Package: relsize 2013/03/29 ver 4.1
)
\skiptotal=\skip101
\skiplinenumber=\skip102
\skiprule=\skip103
\skiphlne=\skip104
\skiptext=\skip105
\skiplength=\skip106
\algomargin=\skip107
\skipalgocfslide=\skip108
\algowidth=\dimen262
\inoutsize=\dimen263
\inoutindent=\dimen264
\interspacetitleruled=\dimen265
\interspacealgoruled=\dimen266
\interspacetitleboxruled=\dimen267
\algocf@ruledwidth=\skip109
\algocf@inoutbox=\box60
\algocf@inputbox=\box61
\AlCapSkip=\skip110
\AlCapHSkip=\skip111
\algoskipindent=\skip112
\algocf@nlbox=\box62
\algocf@hangingbox=\box63
\algocf@untilbox=\box64
\algocf@skipuntil=\skip113
\algocf@capbox=\box65
\algocf@lcaptionbox=\skip114
\algoheightruledefault=\skip115
\algoheightrule=\skip116
\algotitleheightruledefault=\skip117
\algotitleheightrule=\skip118
\c@algocfline=\count331
\c@algocfproc=\count332
\c@algocf=\count333
\algocf@algoframe=\box66
\algocf@algobox=\box67
)
(/usr/local/texlive/2022/texmf-dist/tex/latex/comment/comment.sty
\CommentStream=\write3

Excluding comment 'comment')
(/usr/local/texlive/2022/texmf-dist/tex/latex/caption/subcaption.sty
Package: subcaption 2022/01/07 v1.5 Sub-captions (AR)
\c@subfigure=\count334
\c@subtable=\count335
)
(./latex//atlaspackage.sty

LaTeX Warning: You have requested package `latex//atlaspackage',
               but the package provides `latex/atlaspackage'.

Package: latex/atlaspackage 2024/06/25 v15.4.0 ATLAS LaTeX packages
Package atlaspackage Info: No texlive option given - good! on input line 70.
atlaspackage: using default settings
(/usr/local/texlive/2022/texmf-dist/tex/latex/microtype/microtype.sty
Package: microtype 2022/03/14 v3.0d Micro-typographical refinements (RS)
\MT@toks=\toks43
\MT@tempbox=\box68
\MT@count=\count336
LaTeX Info: Redefining \noprotrusionifhmode on input line 1027.
LaTeX Info: Redefining \leftprotrusion on input line 1028.
LaTeX Info: Redefining \rightprotrusion on input line 1036.
LaTeX Info: Redefining \textls on input line 1195.
\MT@outer@kern=\dimen268
LaTeX Info: Redefining \textmicrotypecontext on input line 1781.
\MT@listname@count=\count337

(/usr/local/texlive/2022/texmf-dist/tex/latex/microtype/microtype-pdftex.def
File: microtype-pdftex.def 2022/03/14 v3.0d Definitions specific to pdftex (RS)

LaTeX Info: Redefining \lsstyle on input line 900.
LaTeX Info: Redefining \lslig on input line 900.
\MT@outer@space=\skip119
)
Package microtype Info: Loading configuration file microtype.cfg.

(/usr/local/texlive/2022/texmf-dist/tex/latex/microtype/microtype.cfg
File: microtype.cfg 2022/03/14 v3.0d microtype main configuration file (RS)
))
(/usr/local/texlive/2022/texmf-dist/tex/latex/csquotes/csquotes.sty
Package: csquotes 2021-02-22 v5.2l context-sensitive quotations (JAW)
\csq@reset=\count338
\csq@gtype=\count339
\csq@glevel=\count340
\csq@qlevel=\count341
\csq@maxlvl=\count342
\csq@tshold=\count343
\csq@ltx@everypar=\toks44

(/usr/local/texlive/2022/texmf-dist/tex/latex/csquotes/csquotes.def
File: csquotes.def 2021-02-22 v5.2l csquotes generic definitions (JAW)
)
Package csquotes Info: Trying to load configuration file 'csquotes.cfg'...
Package csquotes Info: ... configuration file loaded successfully.

(/usr/local/texlive/2022/texmf-dist/tex/latex/csquotes/csquotes.cfg
File: csquotes.cfg 
)
Package csquotes Info: Enabling multilingual quotes.
)
(/usr/local/texlive/2022/texmf-dist/tex/latex/subfig/subfig.sty
Package: subfig 2005/06/28 ver: 1.3 subfig package
\c@KVtest=\count344
\sf@farskip=\skip120
\sf@captopadj=\dimen269
\sf@capskip=\skip121
\sf@nearskip=\skip122
\sf@top=\skip123
\sf@bottom=\skip124
)
(/usr/local/texlive/2022/texmf-dist/tex/latex/bookmark/bookmark.sty
Package: bookmark 2020-11-06 v1.29 PDF bookmarks (HO)

(/usr/local/texlive/2022/texmf-dist/tex/latex/bookmark/bkm-pdftex.def
File: bkm-pdftex.def 2020-11-06 v1.29 bookmark driver for pdfTeX (HO)
\BKM@id=\count345
))
atlaspackage: loading siunitx definitions.
(/usr/local/texlive/2022/texmf-dist/tex/latex/siunitx/siunitx.sty
Package: siunitx 2022-02-15 v3.0.49 A comprehensive (SI) units package
\l__siunitx_angle_tmp_dim=\dimen270
\l__siunitx_angle_marker_box=\box69
\l__siunitx_angle_unit_box=\box70
\l__siunitx_compound_count_int=\count346

(/usr/local/texlive/2022/texmf-dist/tex/latex/translations/translations.sty
Package: translations 2022/02/05 v1.12 internationalization of LaTeX2e packages
 (CN)
)
\l__siunitx_number_exponent_fixed_int=\count347
\l__siunitx_number_min_decimal_int=\count348
\l__siunitx_number_min_integer_int=\count349
\l__siunitx_number_round_precision_int=\count350
\l__siunitx_number_group_minimum_int=\count351
\l__siunitx_table_tmp_box=\box71
\l__siunitx_table_tmp_dim=\dimen271
\l__siunitx_table_column_width_dim=\dimen272
\l__siunitx_table_integer_box=\box72
\l__siunitx_table_decimal_box=\box73
\l__siunitx_table_before_box=\box74
\l__siunitx_table_after_box=\box75
\l__siunitx_table_before_dim=\dimen273
\l__siunitx_table_carry_dim=\dimen274
\l__siunitx_unit_tmp_int=\count352
\l__siunitx_unit_position_int=\count353
\l__siunitx_unit_total_int=\count354

(/usr/local/texlive/2022/texmf-dist/tex/latex/l3packages/l3keys2e/l3keys2e.sty
Package: l3keys2e 2022-01-12 LaTeX2e option processing using LaTeX3 keys
))

Package siunitx Info: Option "separate-uncertainty" has been deprecated in
(siunitx)             this release.
(siunitx)             
(siunitx)             Use "uncertainty-mode = separate" as a replacement.


Package siunitx Info: Option "detect-all" has been deprecated in this release.
(siunitx)             
(siunitx)             Use "mode = match, propagate-math-font = true,
(siunitx)             reset-math-version = false, reset-text-family = false,
(siunitx)             reset-text-series = false, reset-text-shape = false,
(siunitx)             text-family-to-math = true, text-series-to-math = true"
(siunitx)             as a replacement.


atlaspackage: using siunitx version 3
Package hyperref Info: Option `bookmarksnumbered' set `true' on input line 365.

Package hyperref Info: Option `bookmarksopen' set `true' on input line 365.
Package hyperref Info: Option `colorlinks' set `true' on input line 365.
Package hyperref Info: Option `breaklinks' set `true' on input line 365.
Package hyperref Info: Option `unicode' set `true' on input line 365.
Package hyperref Info: Option `psdextra' set `true' on input line 365.
(/usr/local/texlive/2022/texmf-dist/tex/latex/hyperref/puenc-greekbasic.def
File: puenc-greekbasic.def 2022-02-21 v7.00n Hyperref: PDF Unicode definition (
greek block) (HO)
)
(/usr/local/texlive/2022/texmf-dist/tex/latex/hyperref/psdextra.def
File: psdextra.def 2022-02-21 v7.00n Hyperref: Additions to PDF string support
)
(/usr/local/texlive/2022/texmf-dist/tex/latex/cleveref/cleveref.sty
Package: cleveref 2018/03/27 v0.21.4 Intelligent cross-referencing
Package cleveref Info: `hyperref' support loaded on input line 2370.
LaTeX Info: Redefining \cref on input line 2370.
LaTeX Info: Redefining \Cref on input line 2370.
LaTeX Info: Redefining \crefrange on input line 2370.
LaTeX Info: Redefining \Crefrange on input line 2370.
LaTeX Info: Redefining \cpageref on input line 2370.
LaTeX Info: Redefining \Cpageref on input line 2370.
LaTeX Info: Redefining \cpagerefrange on input line 2370.
LaTeX Info: Redefining \Cpagerefrange on input line 2370.
LaTeX Info: Redefining \labelcref on input line 2370.
LaTeX Info: Redefining \labelcpageref on input line 2370.
Package cleveref Info: `algorithm2e' support loaded on input line 3147.
Package cleveref Info: `subfig' support loaded on input line 3164.
Package cleveref Info: always capitalise cross-reference names on input line 78
25.
Package cleveref Info: no abbreviation of names on input line 7852.
Package cleveref Info: always capitalise cross-reference names on input line 78
52.
)
(/usr/local/texlive/2022/texmf-dist/tex/latex/biblatex/biblatex.sty
Package: biblatex 2022/02/02 v3.17 programmable bibliographies (PK/MW)

(/usr/local/texlive/2022/texmf-dist/tex/latex/logreq/logreq.sty
Package: logreq 2010/08/04 v1.0 xml request logger
\lrq@indent=\count355

(/usr/local/texlive/2022/texmf-dist/tex/latex/logreq/logreq.def
File: logreq.def 2010/08/04 v1.0 logreq spec v1.0
))
\c@tabx@nest=\count356
\c@listtotal=\count357
\c@listcount=\count358
\c@liststart=\count359
\c@liststop=\count360
\c@citecount=\count361
\c@citetotal=\count362
\c@multicitecount=\count363
\c@multicitetotal=\count364
\c@instcount=\count365
\c@maxnames=\count366
\c@minnames=\count367
\c@maxitems=\count368
\c@minitems=\count369
\c@citecounter=\count370
\c@maxcitecounter=\count371
\c@savedcitecounter=\count372
\c@uniquelist=\count373
\c@uniquename=\count374
\c@refsection=\count375
\c@refsegment=\count376
\c@maxextratitle=\count377
\c@maxextratitleyear=\count378
\c@maxextraname=\count379
\c@maxextradate=\count380
\c@maxextraalpha=\count381
\c@abbrvpenalty=\count382
\c@highnamepenalty=\count383
\c@lownamepenalty=\count384
\c@maxparens=\count385
\c@parenlevel=\count386
\blx@tempcnta=\count387
\blx@tempcntb=\count388
\blx@tempcntc=\count389
\c@blx@maxsection=\count390
\c@blx@maxsegment@0=\count391
\blx@notetype=\count392
\blx@parenlevel@text=\count393
\blx@parenlevel@foot=\count394
\c@blx@sectionciteorder@0=\count395
\blx@entrysetcounter=\count396
\blx@biblioinstance=\count397
\labelnumberwidth=\skip125
\labelalphawidth=\skip126
\biblabelsep=\skip127
\bibitemsep=\skip128
\bibnamesep=\skip129
\bibinitsep=\skip130
\bibparsep=\skip131
\bibhang=\skip132
\blx@bcfin=\read4
\blx@bcfout=\write4
\blx@langwohyphens=\language88
\c@mincomprange=\count398
\c@maxcomprange=\count399
\c@mincompwidth=\count400
Package biblatex Info: Trying to load biblatex default data model...
Package biblatex Info: ... file 'blx-dm.def' found.

(/usr/local/texlive/2022/texmf-dist/tex/latex/biblatex/blx-dm.def
File: blx-dm.def 2022/02/02 v3.17 biblatex localization (PK/MW)
)
Package biblatex Info: Trying to load biblatex style data model...
Package biblatex Info: ... file 'numeric-comp.dbx' not found.
Package biblatex Info: Trying to load biblatex custom data model...
Package biblatex Info: ... file 'biblatex-dm.cfg' not found.
\c@afterword=\count401
\c@savedafterword=\count402
\c@annotator=\count403
\c@savedannotator=\count404
\c@author=\count405
\c@savedauthor=\count406
\c@bookauthor=\count407
\c@savedbookauthor=\count408
\c@commentator=\count409
\c@savedcommentator=\count410
\c@editor=\count411
\c@savededitor=\count412
\c@editora=\count413
\c@savededitora=\count414
\c@editorb=\count415
\c@savededitorb=\count416
\c@editorc=\count417
\c@savededitorc=\count418
\c@foreword=\count419
\c@savedforeword=\count420
\c@holder=\count421
\c@savedholder=\count422
\c@introduction=\count423
\c@savedintroduction=\count424
\c@namea=\count425
\c@savednamea=\count426
\c@nameb=\count427
\c@savednameb=\count428
\c@namec=\count429
\c@savednamec=\count430
\c@translator=\count431
\c@savedtranslator=\count432
\c@shortauthor=\count433
\c@savedshortauthor=\count434
\c@shorteditor=\count435
\c@savedshorteditor=\count436
\c@labelname=\count437
\c@savedlabelname=\count438
\c@institution=\count439
\c@savedinstitution=\count440
\c@lista=\count441
\c@savedlista=\count442
\c@listb=\count443
\c@savedlistb=\count444
\c@listc=\count445
\c@savedlistc=\count446
\c@listd=\count447
\c@savedlistd=\count448
\c@liste=\count449
\c@savedliste=\count450
\c@listf=\count451
\c@savedlistf=\count452
\c@location=\count453
\c@savedlocation=\count454
\c@organization=\count455
\c@savedorganization=\count456
\c@origlocation=\count457
\c@savedoriglocation=\count458
\c@origpublisher=\count459
\c@savedorigpublisher=\count460
\c@publisher=\count461
\c@savedpublisher=\count462
\c@language=\count463
\c@savedlanguage=\count464
\c@origlanguage=\count465
\c@savedoriglanguage=\count466
\c@pageref=\count467
\c@savedpageref=\count468
\shorthandwidth=\skip133
\shortjournalwidth=\skip134
\shortserieswidth=\skip135
\shorttitlewidth=\skip136
\shortauthorwidth=\skip137
\shorteditorwidth=\skip138
\locallabelnumberwidth=\skip139
\locallabelalphawidth=\skip140
\localshorthandwidth=\skip141
\localshortjournalwidth=\skip142
\localshortserieswidth=\skip143
\localshorttitlewidth=\skip144
\localshortauthorwidth=\skip145
\localshorteditorwidth=\skip146
Package biblatex Info: Trying to load compatibility code...
Package biblatex Info: ... file 'blx-compat.def' found.

(/usr/local/texlive/2022/texmf-dist/tex/latex/biblatex/blx-compat.def
File: blx-compat.def 2022/02/02 v3.17 biblatex compatibility (PK/MW)
)
Package biblatex Info: Trying to load generic definitions...
Package biblatex Info: ... file 'biblatex.def' found.

(/usr/local/texlive/2022/texmf-dist/tex/latex/biblatex/biblatex.def
File: biblatex.def 2022/02/02 v3.17 biblatex compatibility (PK/MW)
\c@textcitecount=\count469
\c@textcitetotal=\count470
\c@textcitemaxnames=\count471
\c@biburlbigbreakpenalty=\count472
\c@biburlbreakpenalty=\count473
\c@biburlnumpenalty=\count474
\c@biburlucpenalty=\count475
\c@biburllcpenalty=\count476
\biburlbigskip=\muskip18
\biburlnumskip=\muskip19
\biburlucskip=\muskip20
\biburllcskip=\muskip21
\c@smartand=\count477
)
Package biblatex Info: Trying to load bibliography style 'numeric-comp'...
Package biblatex Info: ... file 'numeric-comp.bbx' found.

(/usr/local/texlive/2022/texmf-dist/tex/latex/biblatex/bbx/numeric-comp.bbx
File: numeric-comp.bbx 2022/02/02 v3.17 biblatex bibliography style (PK/MW)
Package biblatex Info: Trying to load bibliography style 'numeric'...
Package biblatex Info: ... file 'numeric.bbx' found.

(/usr/local/texlive/2022/texmf-dist/tex/latex/biblatex/bbx/numeric.bbx
File: numeric.bbx 2022/02/02 v3.17 biblatex bibliography style (PK/MW)
Package biblatex Info: Trying to load bibliography style 'standard'...
Package biblatex Info: ... file 'standard.bbx' found.

(/usr/local/texlive/2022/texmf-dist/tex/latex/biblatex/bbx/standard.bbx
File: standard.bbx 2022/02/02 v3.17 biblatex bibliography style (PK/MW)
\c@bbx:relatedcount=\count478
\c@bbx:relatedtotal=\count479
)))
Package biblatex Info: Trying to load citation style 'numeric-comp'...
Package biblatex Info: ... file 'numeric-comp.cbx' found.

(/usr/local/texlive/2022/texmf-dist/tex/latex/biblatex/cbx/numeric-comp.cbx
File: numeric-comp.cbx 2022/02/02 v3.17 biblatex citation style (PK/MW)
\c@cbx@tempcnta=\count480
\c@cbx@tempcntb=\count481
\c@cbx@tempcntc=\count482
\c@cbx@tempcntd=\count483
Package biblatex Info: Redefining '\cite'.
Package biblatex Info: Redefining '\parencite'.
Package biblatex Info: Redefining '\footcite'.
Package biblatex Info: Redefining '\footcitetext'.
Package biblatex Info: Redefining '\smartcite'.
Package biblatex Info: Redefining '\supercite'.
Package biblatex Info: Redefining '\textcite'.
Package biblatex Info: Redefining '\textcites'.
Package biblatex Info: Redefining '\cites'.
Package biblatex Info: Redefining '\parencites'.
Package biblatex Info: Redefining '\smartcites'.
)
Package biblatex Info: Trying to load configuration file...
Package biblatex Info: ... file 'biblatex.cfg' found.

(/usr/local/texlive/2022/texmf-dist/tex/latex/biblatex/biblatex.cfg
File: biblatex.cfg 
)
Package biblatex Info: Input encoding 'utf8' detected.
Package biblatex Info: Document encoding is UTF8 ....
Package biblatex Info: ... and expl3
(biblatex)             2022-02-24 L3 programming layer (loader) 
(biblatex)             is new enough (at least 2020/04/06),
(biblatex)             setting 'casechanger=expl3'.

(/usr/local/texlive/2022/texmf-dist/tex/latex/biblatex/blx-case-expl3.sty
Package: blx-case-expl3 2022/02/02 v3.17 expl3 case changing code for biblatex
)))
(./latex//atlasbiblatex.sty

LaTeX Warning: You have requested package `latex//atlasbiblatex',
               but the package provides `latex/atlasbiblatex'.

Package: latex/atlasbiblatex 2024/06/25 v15.4.0 ATLAS biblatex style
Package atlasbiblatex Info: No texlive option given - good! on input line 45.
atlasbiblatex: block set to ragged
atlasbiblatex: minbibnames set to 1and maxbibnames set to 5
atlasbiblatex: turning backref on
atlasbiblatex: setting option date=year.
) (./latex//atlasphysics.sty

LaTeX Warning: You have requested package `latex//atlasphysics',
               but the package provides `latex/atlasphysics'.

Package: latex/atlasphysics 2024/06/25 v15.4.0 ATLAS physics macros
Package atlasdoc Info: No texlive option given - good! on input line 55.
Package atlasphysics Info: APHY@eVkern is false on input line 77.
Package atlasphysics Info: APHY@numpmcorr is true on input line 83.
(./latex//atlasjournal.sty) (./latex//atlasmisc.sty
Package atlasmisc Info: Using version 15 error macros. on input line 311.
Package atlasmisc Info: Using siunitx version 3 options on input line 311.
Package atlasmisc Info: Using version 15 error macros. on input line 499.

Package siunitx Info: Option "number-unit-product" has been deprecated in this
(siunitx)             release.
(siunitx)             
(siunitx)             Use "quantity-product" as a replacement.

\figwidth=\skip147
\dkwidth=\dimen275
)
(./latex//atlasparticle.sty

LaTeX Warning: You have requested package `latex//atlasparticle',
               but the package provides `latex/atlasparticle'.

Package: latex/atlasparticle 2024/06/25 v15.4.0 ATLAS particle definitins
) (./latex//atlasunit.sty
atlasunit: AUNIT@eVkern is false
atlasunit: not applying kern to eV
) (./latex//atlasxref.sty)) (./latex//atlastodo.sty

LaTeX Warning: You have requested package `latex//atlastodo',
               but the package provides `latex/atlastodo'.

Package: latex/atlastodo 2024/06/25 v15.4.0 ATLAS to-do notes
ATLAS document: showing notes
atlastodo: applying shift to document margins.
Package typearea Info: These are the values describing the layout:
(typearea)             DIV  = 14
(typearea)             BCOR = -14.22636pt
(typearea)             \paperwidth      = 597.50793pt
(typearea)              \textwidth      = 480.6484pt
(typearea)              DIV departure   = -31%
(typearea)              \evensidemargin = -20.95341pt
(typearea)              \oddsidemargin  = -20.95341pt
(typearea)             \paperheight     = 845.04694pt
(typearea)              \textheight     = 636.60028pt
(typearea)              \topmargin      = -11.9095pt
(typearea)              \headheight     = 17.0pt
(typearea)              \headsep        = 20.40001pt
(typearea)              \topskip        = 11.0pt
(typearea)              \footskip       = 47.6pt
(typearea)              \baselineskip   = 13.6pt
(typearea)              on input line 85.
Package typearea Info: These are the values describing the layout:
(typearea)             DIV  = 14
(typearea)             BCOR = -14.22636pt
(typearea)             \paperwidth      = 597.50793pt
(typearea)              \textwidth      = 480.6484pt
(typearea)              DIV departure   = -31%
(typearea)              \evensidemargin = -20.95341pt
(typearea)              \oddsidemargin  = -20.95341pt
(typearea)             \paperheight     = 845.04694pt
(typearea)              \textheight     = 636.60028pt
(typearea)              \topmargin      = -11.9095pt
(typearea)              \headheight     = 17.0pt
(typearea)              \headsep        = 20.40001pt
(typearea)              \topskip        = 11.0pt
(typearea)              \footskip       = 47.6pt
(typearea)              \baselineskip   = 13.6pt
(typearea)              on input line 85.
(/usr/local/texlive/2022/texmf-dist/tex/latex/todonotes/todonotes.sty
Package: todonotes 2021/06/04 v1.1.5 Todonotes source and documentation.
Package: todonotes 2021/06/04

(/usr/local/texlive/2022/texmf-dist/tex/latex/pgf/frontendlayer/tikz.sty
(/usr/local/texlive/2022/texmf-dist/tex/latex/pgf/basiclayer/pgf.sty
(/usr/local/texlive/2022/texmf-dist/tex/latex/pgf/utilities/pgfrcs.sty
(/usr/local/texlive/2022/texmf-dist/tex/generic/pgf/utilities/pgfutil-common.te
x
\pgfutil@everybye=\toks45
\pgfutil@tempdima=\dimen276
\pgfutil@tempdimb=\dimen277

(/usr/local/texlive/2022/texmf-dist/tex/generic/pgf/utilities/pgfutil-common-li
sts.tex))
(/usr/local/texlive/2022/texmf-dist/tex/generic/pgf/utilities/pgfutil-latex.def
\pgfutil@abb=\box76
) (/usr/local/texlive/2022/texmf-dist/tex/generic/pgf/utilities/pgfrcs.code.tex
(/usr/local/texlive/2022/texmf-dist/tex/generic/pgf/pgf.revision.tex)
Package: pgfrcs 2021/05/15 v3.1.9a (3.1.9a)
))
Package: pgf 2021/05/15 v3.1.9a (3.1.9a)

(/usr/local/texlive/2022/texmf-dist/tex/latex/pgf/basiclayer/pgfcore.sty
(/usr/local/texlive/2022/texmf-dist/tex/latex/pgf/systemlayer/pgfsys.sty
(/usr/local/texlive/2022/texmf-dist/tex/generic/pgf/systemlayer/pgfsys.code.tex
Package: pgfsys 2021/05/15 v3.1.9a (3.1.9a)
(/usr/local/texlive/2022/texmf-dist/tex/generic/pgf/utilities/pgfkeys.code.tex
\pgfkeys@pathtoks=\toks46
\pgfkeys@temptoks=\toks47

(/usr/local/texlive/2022/texmf-dist/tex/generic/pgf/utilities/pgfkeysfiltered.c
ode.tex
\pgfkeys@tmptoks=\toks48
))
\pgf@x=\dimen278
\pgf@y=\dimen279
\pgf@xa=\dimen280
\pgf@ya=\dimen281
\pgf@xb=\dimen282
\pgf@yb=\dimen283
\pgf@xc=\dimen284
\pgf@yc=\dimen285
\pgf@xd=\dimen286
\pgf@yd=\dimen287
\w@pgf@writea=\write5
\r@pgf@reada=\read5
\c@pgf@counta=\count484
\c@pgf@countb=\count485
\c@pgf@countc=\count486
\c@pgf@countd=\count487
\t@pgf@toka=\toks49
\t@pgf@tokb=\toks50
\t@pgf@tokc=\toks51
\pgf@sys@id@count=\count488

(/usr/local/texlive/2022/texmf-dist/tex/generic/pgf/systemlayer/pgf.cfg
File: pgf.cfg 2021/05/15 v3.1.9a (3.1.9a)
)
Driver file for pgf: pgfsys-pdftex.def

(/usr/local/texlive/2022/texmf-dist/tex/generic/pgf/systemlayer/pgfsys-pdftex.d
ef
File: pgfsys-pdftex.def 2021/05/15 v3.1.9a (3.1.9a)

(/usr/local/texlive/2022/texmf-dist/tex/generic/pgf/systemlayer/pgfsys-common-p
df.def
File: pgfsys-common-pdf.def 2021/05/15 v3.1.9a (3.1.9a)
)))
(/usr/local/texlive/2022/texmf-dist/tex/generic/pgf/systemlayer/pgfsyssoftpath.
code.tex
File: pgfsyssoftpath.code.tex 2021/05/15 v3.1.9a (3.1.9a)
\pgfsyssoftpath@smallbuffer@items=\count489
\pgfsyssoftpath@bigbuffer@items=\count490
)
(/usr/local/texlive/2022/texmf-dist/tex/generic/pgf/systemlayer/pgfsysprotocol.
code.tex
File: pgfsysprotocol.code.tex 2021/05/15 v3.1.9a (3.1.9a)
))
(/usr/local/texlive/2022/texmf-dist/tex/generic/pgf/basiclayer/pgfcore.code.tex
Package: pgfcore 2021/05/15 v3.1.9a (3.1.9a)
(/usr/local/texlive/2022/texmf-dist/tex/generic/pgf/math/pgfmath.code.tex
(/usr/local/texlive/2022/texmf-dist/tex/generic/pgf/math/pgfmathcalc.code.tex
(/usr/local/texlive/2022/texmf-dist/tex/generic/pgf/math/pgfmathutil.code.tex)
(/usr/local/texlive/2022/texmf-dist/tex/generic/pgf/math/pgfmathparser.code.tex
\pgfmath@dimen=\dimen288
\pgfmath@count=\count491
\pgfmath@box=\box77
\pgfmath@toks=\toks52
\pgfmath@stack@operand=\toks53
\pgfmath@stack@operation=\toks54
)
(/usr/local/texlive/2022/texmf-dist/tex/generic/pgf/math/pgfmathfunctions.code.
tex
(/usr/local/texlive/2022/texmf-dist/tex/generic/pgf/math/pgfmathfunctions.basic
.code.tex)
(/usr/local/texlive/2022/texmf-dist/tex/generic/pgf/math/pgfmathfunctions.trigo
nometric.code.tex)
(/usr/local/texlive/2022/texmf-dist/tex/generic/pgf/math/pgfmathfunctions.rando
m.code.tex)
(/usr/local/texlive/2022/texmf-dist/tex/generic/pgf/math/pgfmathfunctions.compa
rison.code.tex)
(/usr/local/texlive/2022/texmf-dist/tex/generic/pgf/math/pgfmathfunctions.base.
code.tex)
(/usr/local/texlive/2022/texmf-dist/tex/generic/pgf/math/pgfmathfunctions.round
.code.tex)
(/usr/local/texlive/2022/texmf-dist/tex/generic/pgf/math/pgfmathfunctions.misc.
code.tex)
(/usr/local/texlive/2022/texmf-dist/tex/generic/pgf/math/pgfmathfunctions.integ
erarithmetics.code.tex)))
(/usr/local/texlive/2022/texmf-dist/tex/generic/pgf/math/pgfmathfloat.code.tex
\c@pgfmathroundto@lastzeros=\count492
)) (/usr/local/texlive/2022/texmf-dist/tex/generic/pgf/math/pgfint.code.tex)
(/usr/local/texlive/2022/texmf-dist/tex/generic/pgf/basiclayer/pgfcorepoints.co
de.tex
File: pgfcorepoints.code.tex 2021/05/15 v3.1.9a (3.1.9a)
\pgf@picminx=\dimen289
\pgf@picmaxx=\dimen290
\pgf@picminy=\dimen291
\pgf@picmaxy=\dimen292
\pgf@pathminx=\dimen293
\pgf@pathmaxx=\dimen294
\pgf@pathminy=\dimen295
\pgf@pathmaxy=\dimen296
\pgf@xx=\dimen297
\pgf@xy=\dimen298
\pgf@yx=\dimen299
\pgf@yy=\dimen300
\pgf@zx=\dimen301
\pgf@zy=\dimen302
)
(/usr/local/texlive/2022/texmf-dist/tex/generic/pgf/basiclayer/pgfcorepathconst
ruct.code.tex
File: pgfcorepathconstruct.code.tex 2021/05/15 v3.1.9a (3.1.9a)
\pgf@path@lastx=\dimen303
\pgf@path@lasty=\dimen304
)
(/usr/local/texlive/2022/texmf-dist/tex/generic/pgf/basiclayer/pgfcorepathusage
.code.tex
File: pgfcorepathusage.code.tex 2021/05/15 v3.1.9a (3.1.9a)
\pgf@shorten@end@additional=\dimen305
\pgf@shorten@start@additional=\dimen306
)
(/usr/local/texlive/2022/texmf-dist/tex/generic/pgf/basiclayer/pgfcorescopes.co
de.tex
File: pgfcorescopes.code.tex 2021/05/15 v3.1.9a (3.1.9a)
\pgfpic=\box78
\pgf@hbox=\box79
\pgf@layerbox@main=\box80
\pgf@picture@serial@count=\count493
)
(/usr/local/texlive/2022/texmf-dist/tex/generic/pgf/basiclayer/pgfcoregraphicst
ate.code.tex
File: pgfcoregraphicstate.code.tex 2021/05/15 v3.1.9a (3.1.9a)
\pgflinewidth=\dimen307
)
(/usr/local/texlive/2022/texmf-dist/tex/generic/pgf/basiclayer/pgfcoretransform
ations.code.tex
File: pgfcoretransformations.code.tex 2021/05/15 v3.1.9a (3.1.9a)
\pgf@pt@x=\dimen308
\pgf@pt@y=\dimen309
\pgf@pt@temp=\dimen310
)
(/usr/local/texlive/2022/texmf-dist/tex/generic/pgf/basiclayer/pgfcorequick.cod
e.tex
File: pgfcorequick.code.tex 2021/05/15 v3.1.9a (3.1.9a)
)
(/usr/local/texlive/2022/texmf-dist/tex/generic/pgf/basiclayer/pgfcoreobjects.c
ode.tex
File: pgfcoreobjects.code.tex 2021/05/15 v3.1.9a (3.1.9a)
)
(/usr/local/texlive/2022/texmf-dist/tex/generic/pgf/basiclayer/pgfcorepathproce
ssing.code.tex
File: pgfcorepathprocessing.code.tex 2021/05/15 v3.1.9a (3.1.9a)
)
(/usr/local/texlive/2022/texmf-dist/tex/generic/pgf/basiclayer/pgfcorearrows.co
de.tex
File: pgfcorearrows.code.tex 2021/05/15 v3.1.9a (3.1.9a)
\pgfarrowsep=\dimen311
)
(/usr/local/texlive/2022/texmf-dist/tex/generic/pgf/basiclayer/pgfcoreshade.cod
e.tex
File: pgfcoreshade.code.tex 2021/05/15 v3.1.9a (3.1.9a)
\pgf@max=\dimen312
\pgf@sys@shading@range@num=\count494
\pgf@shadingcount=\count495
)
(/usr/local/texlive/2022/texmf-dist/tex/generic/pgf/basiclayer/pgfcoreimage.cod
e.tex
File: pgfcoreimage.code.tex 2021/05/15 v3.1.9a (3.1.9a)

(/usr/local/texlive/2022/texmf-dist/tex/generic/pgf/basiclayer/pgfcoreexternal.
code.tex
File: pgfcoreexternal.code.tex 2021/05/15 v3.1.9a (3.1.9a)
\pgfexternal@startupbox=\box81
))
(/usr/local/texlive/2022/texmf-dist/tex/generic/pgf/basiclayer/pgfcorelayers.co
de.tex
File: pgfcorelayers.code.tex 2021/05/15 v3.1.9a (3.1.9a)
)
(/usr/local/texlive/2022/texmf-dist/tex/generic/pgf/basiclayer/pgfcoretranspare
ncy.code.tex
File: pgfcoretransparency.code.tex 2021/05/15 v3.1.9a (3.1.9a)
)
(/usr/local/texlive/2022/texmf-dist/tex/generic/pgf/basiclayer/pgfcorepatterns.
code.tex
File: pgfcorepatterns.code.tex 2021/05/15 v3.1.9a (3.1.9a)
)
(/usr/local/texlive/2022/texmf-dist/tex/generic/pgf/basiclayer/pgfcorerdf.code.
tex
File: pgfcorerdf.code.tex 2021/05/15 v3.1.9a (3.1.9a)
)))
(/usr/local/texlive/2022/texmf-dist/tex/generic/pgf/modules/pgfmoduleshapes.cod
e.tex
File: pgfmoduleshapes.code.tex 2021/05/15 v3.1.9a (3.1.9a)
\pgfnodeparttextbox=\box82
)
(/usr/local/texlive/2022/texmf-dist/tex/generic/pgf/modules/pgfmoduleplot.code.
tex
File: pgfmoduleplot.code.tex 2021/05/15 v3.1.9a (3.1.9a)
)
(/usr/local/texlive/2022/texmf-dist/tex/latex/pgf/compatibility/pgfcomp-version
-0-65.sty
Package: pgfcomp-version-0-65 2021/05/15 v3.1.9a (3.1.9a)
\pgf@nodesepstart=\dimen313
\pgf@nodesepend=\dimen314
)
(/usr/local/texlive/2022/texmf-dist/tex/latex/pgf/compatibility/pgfcomp-version
-1-18.sty
Package: pgfcomp-version-1-18 2021/05/15 v3.1.9a (3.1.9a)
))
(/usr/local/texlive/2022/texmf-dist/tex/latex/pgf/utilities/pgffor.sty
(/usr/local/texlive/2022/texmf-dist/tex/latex/pgf/utilities/pgfkeys.sty
(/usr/local/texlive/2022/texmf-dist/tex/generic/pgf/utilities/pgfkeys.code.tex)
) (/usr/local/texlive/2022/texmf-dist/tex/latex/pgf/math/pgfmath.sty
(/usr/local/texlive/2022/texmf-dist/tex/generic/pgf/math/pgfmath.code.tex))
(/usr/local/texlive/2022/texmf-dist/tex/generic/pgf/utilities/pgffor.code.tex
Package: pgffor 2021/05/15 v3.1.9a (3.1.9a)

(/usr/local/texlive/2022/texmf-dist/tex/generic/pgf/math/pgfmath.code.tex)
\pgffor@iter=\dimen315
\pgffor@skip=\dimen316
\pgffor@stack=\toks55
\pgffor@toks=\toks56
))
(/usr/local/texlive/2022/texmf-dist/tex/generic/pgf/frontendlayer/tikz/tikz.cod
e.tex
Package: tikz 2021/05/15 v3.1.9a (3.1.9a)

(/usr/local/texlive/2022/texmf-dist/tex/generic/pgf/libraries/pgflibraryplothan
dlers.code.tex
File: pgflibraryplothandlers.code.tex 2021/05/15 v3.1.9a (3.1.9a)
\pgf@plot@mark@count=\count496
\pgfplotmarksize=\dimen317
)
\tikz@lastx=\dimen318
\tikz@lasty=\dimen319
\tikz@lastxsaved=\dimen320
\tikz@lastysaved=\dimen321
\tikz@lastmovetox=\dimen322
\tikz@lastmovetoy=\dimen323
\tikzleveldistance=\dimen324
\tikzsiblingdistance=\dimen325
\tikz@figbox=\box83
\tikz@figbox@bg=\box84
\tikz@tempbox=\box85
\tikz@tempbox@bg=\box86
\tikztreelevel=\count497
\tikznumberofchildren=\count498
\tikznumberofcurrentchild=\count499
\tikz@fig@count=\count500

(/usr/local/texlive/2022/texmf-dist/tex/generic/pgf/modules/pgfmodulematrix.cod
e.tex
File: pgfmodulematrix.code.tex 2021/05/15 v3.1.9a (3.1.9a)
\pgfmatrixcurrentrow=\count501
\pgfmatrixcurrentcolumn=\count502
\pgf@matrix@numberofcolumns=\count503
)
\tikz@expandcount=\count504

(/usr/local/texlive/2022/texmf-dist/tex/generic/pgf/frontendlayer/tikz/librarie
s/tikzlibrarytopaths.code.tex
File: tikzlibrarytopaths.code.tex 2021/05/15 v3.1.9a (3.1.9a)
)))
(/usr/local/texlive/2022/texmf-dist/tex/generic/pgf/frontendlayer/tikz/librarie
s/tikzlibrarypositioning.code.tex
File: tikzlibrarypositioning.code.tex 2021/05/15 v3.1.9a (3.1.9a)
)
\c@@todonotes@numberoftodonotes=\count505
)) (./ANA-TRIG-2021-01-PAPER-defs.sty)
LaTeX Info: Redefining \it on input line 264.

(/usr/local/texlive/2022/texmf-dist/tex/generic/ulem/ulem.sty
\UL@box=\box87
\UL@hyphenbox=\box88
\UL@skip=\skip148
\UL@hook=\toks57
\UL@height=\dimen326
\UL@pe=\count506
\UL@pixel=\dimen327
\ULC@box=\box89
Package: ulem 2019/11/18
\ULdepth=\dimen328
)
(/usr/local/texlive/2022/texmf-dist/tex/latex/oberdiek/settobox.sty
Package: settobox 2016/05/16 v1.5 Assign box dimensions to length registers (HO
)
)
\DIFdelgraphicsbox=\box90
\DIFdelgraphicswidth=\skip149
\DIFdelgraphicsheight=\skip150
LaTeX Info: Redefining \DIFaddbegin on input line 317.
LaTeX Info: Redefining \DIFaddend on input line 318.
LaTeX Info: Redefining \DIFdelbegin on input line 319.
LaTeX Info: Redefining \DIFdelend on input line 320.
LaTeX Info: Redefining \DIFaddbeginFL on input line 325.
LaTeX Info: Redefining \DIFaddendFL on input line 326.
LaTeX Info: Redefining \DIFdelbeginFL on input line 327.
LaTeX Info: Redefining \DIFdelendFL on input line 328.

(/usr/local/texlive/2022/texmf-dist/tex/latex/listings/listings.sty
\lst@mode=\count507
\lst@gtempboxa=\box91
\lst@token=\toks58
\lst@length=\count508
\lst@currlwidth=\dimen329
\lst@column=\count509
\lst@pos=\count510
\lst@lostspace=\dimen330
\lst@width=\dimen331
\lst@newlines=\count511
\lst@lineno=\count512
\lst@maxwidth=\dimen332

(/usr/local/texlive/2022/texmf-dist/tex/latex/listings/lstmisc.sty
File: lstmisc.sty 2020/03/24 1.8d (Carsten Heinz)
\c@lstnumber=\count513
\lst@skipnumbers=\count514
\lst@framebox=\box92
)
(/usr/local/texlive/2022/texmf-dist/tex/latex/listings/listings.cfg
File: listings.cfg 2020/03/24 1.8d listings configuration
))
Package: listings 2020/03/24 1.8d (Carsten Heinz)
LaTeX Font Info:    Trying to load font information for T1+ntxtlf on input line
 347.

(/usr/local/texlive/2022/texmf-dist/tex/latex/newtx/t1ntxtlf.fd
File: t1ntxtlf.fd 2021/05/24 v1.1 font definition file for T1/ntx/tlf
)
LaTeX Font Info:    Font shape `T1/ntxtlf/m/n' will be
(Font)              scaled to size 10.95pt on input line 347.
Package csquotes Info: Checking for multilingual support...
Package csquotes Info: ... found 'babel' package.

(./paper-diff.aux)
\openout1 = `paper-diff.aux'.

LaTeX Font Info:    Checking defaults for OML/ntxmi/m/it on input line 347.
LaTeX Font Info:    Trying to load font information for OML+ntxmi on input line
 347.

(/usr/local/texlive/2022/texmf-dist/tex/latex/newtx/omlntxmi.fd
File: omlntxmi.fd 2015/08/25 Fontinst v1.933 font definitions for OML/ntxmi.
)
LaTeX Font Info:    ... okay on input line 347.
LaTeX Font Info:    Checking defaults for OMS/cmsy/m/n on input line 347.
LaTeX Font Info:    ... okay on input line 347.
LaTeX Font Info:    Checking defaults for OT1/cmr/m/n on input line 347.
LaTeX Font Info:    ... okay on input line 347.
LaTeX Font Info:    Checking defaults for T1/cmr/m/n on input line 347.
LaTeX Font Info:    ... okay on input line 347.
LaTeX Font Info:    Checking defaults for TS1/cmr/m/n on input line 347.
LaTeX Font Info:    ... okay on input line 347.
LaTeX Font Info:    Checking defaults for OMX/cmex/m/n on input line 347.
LaTeX Font Info:    ... okay on input line 347.
LaTeX Font Info:    Checking defaults for U/ntxexa/m/n on input line 347.
LaTeX Font Info:    Trying to load font information for U+ntxexa on input line 
347.

(/usr/local/texlive/2022/texmf-dist/tex/latex/newtx/untxexa.fd
File: untxexa.fd 2012/04/16 Fontinst v1.933 font definitions for U/ntxexa.
)
LaTeX Font Info:    ... okay on input line 347.
LaTeX Font Info:    Checking defaults for PD1/pdf/m/n on input line 347.
LaTeX Font Info:    ... okay on input line 347.
LaTeX Font Info:    Checking defaults for PU/pdf/m/n on input line 347.
LaTeX Font Info:    ... okay on input line 347.
LaTeX Font Info:    Checking defaults for LMS/ntxsy/m/n on input line 347.
LaTeX Font Info:    Trying to load font information for LMS+ntxsy on input line
 347.

(/usr/local/texlive/2022/texmf-dist/tex/latex/newtx/lmsntxsy.fd
File: lmsntxsy.fd 2016/07/02 Fontinst v1.933 font definitions for LMS/ntxsy.
)
LaTeX Font Info:    ... okay on input line 347.
LaTeX Font Info:    Checking defaults for LMX/ntxexx/m/n on input line 347.
LaTeX Font Info:    Trying to load font information for LMX+ntxexx on input lin
e 347.

(/usr/local/texlive/2022/texmf-dist/tex/latex/newtx/lmxntxexx.fd
File: lmxntxexx.fd 2016/07/03 Fontinst v1.933 font definitions for LMX/ntxexx.
)
LaTeX Font Info:    ... okay on input line 347.
Package scrbase Info: activating UKenglish \contentsname on input line 347.
Package scrbase Info: activating UKenglish \listfigurename on input line 347.
Package scrbase Info: activating UKenglish \listtablename on input line 347.

(/usr/local/texlive/2022/texmf-dist/tex/context/base/mkii/supp-pdf.mkii
[Loading MPS to PDF converter (version 2006.09.02).]
\scratchcounter=\count515
\scratchdimen=\dimen333
\scratchbox=\box93
\nofMPsegments=\count516
\nofMParguments=\count517
\everyMPshowfont=\toks59
\MPscratchCnt=\count518
\MPscratchDim=\dimen334
\MPnumerator=\count519
\makeMPintoPDFobject=\count520
\everyMPtoPDFconversion=\toks60
) (/usr/local/texlive/2022/texmf-dist/tex/latex/epstopdf-pkg/epstopdf-base.sty
Package: epstopdf-base 2020-01-24 v2.11 Base part for package epstopdf
Package epstopdf-base Info: Redefining graphics rule for `.eps' on input line 4
85.

(/usr/local/texlive/2022/texmf-dist/tex/latex/latexconfig/epstopdf-sys.cfg
File: epstopdf-sys.cfg 2010/07/13 v1.3 Configuration of (r)epstopdf for TeX Liv
e
))
Package hyperref Info: Link coloring ON on input line 347.

(/usr/local/texlive/2022/texmf-dist/tex/latex/hyperref/nameref.sty
Package: nameref 2021-04-02 v2.47 Cross-referencing by name of section

(/usr/local/texlive/2022/texmf-dist/tex/latex/refcount/refcount.sty
Package: refcount 2019/12/15 v3.6 Data extraction from label references (HO)
)
(/usr/local/texlive/2022/texmf-dist/tex/generic/gettitlestring/gettitlestring.s
ty
Package: gettitlestring 2019/12/15 v1.6 Cleanup title references (HO)
)
\c@section@level=\count521
)
LaTeX Info: Redefining \ref on input line 347.
LaTeX Info: Redefining \pageref on input line 347.
LaTeX Info: Redefining \nameref on input line 347.
\c@mv@tabular=\count522
\c@mv@boldtabular=\count523

atlasdoc: this is an ATLAS draft document
(/usr/local/texlive/2022/texmf-dist/tex/latex/koma-script/scrlayer-scrpage.sty
Package: scrlayer-scrpage 2021/11/13 v3.35 KOMA-Script package (end user interf
ace for scrlayer)

(/usr/local/texlive/2022/texmf-dist/tex/latex/koma-script/scrlayer.sty
Package: scrlayer 2021/11/13 v3.35 KOMA-Script package (defining layers and pag
e styles)
Package scrlayer Info: Using already defined \footheight
(scrlayer)             hoping, that this is a length and
(scrlayer)             not only a macro on input line 136.
Package scrlayer Info: patching LaTeX kernel macro \pagestyle on input line 216
2.
)
Package scrlayer-scrpage Info: Makeing stand-alone element `pagehead' from
(scrlayer-scrpage)             alias to `pageheadfoot' on input line 1085.
Package scrlayer-scrpage Info: deactivating warning for font element
(scrlayer-scrpage)             `pagefoot' on input line 1109.
)
Package scrlayer-scrpage Info: auto-selection of `pagestyleset=KOMA-Script'.

+++ atlasdoc: using lineno package fix
Package caption Info: Begin \AtBeginDocument code.
Package caption Info: subfig package v1.3 is loaded.
Package caption Info: listings package is loaded.
Package caption Info: rotating package is loaded.

! Package subcaption Error: This package can't be used in cooperation
(subcaption)                with the subfig package.

See the subcaption package documentation for explanation.
Type  H <return>  for immediate help.
 ...                                              
                                                  
l.347 \begin{document}
                      
If you do not understand this error, please take a closer look
at the documentation of the `subcaption' package, especially the
section about errors.
Try typing  <return>  to proceed.
If that doesn't work, type  X <return>  to quit.

Package caption Info: End \AtBeginDocument code.
*geometry* driver: auto-detecting
*geometry* detected driver: pdftex
*geometry* verbose mode - [ preamble ] result:
* driver: pdftex
* paper: <default>
* layout: <same size as paper>
* layoutoffset:(h,v)=(0.0pt,0.0pt)
* modes: 
* h-part:(L,W,R)=(89.6271pt, 418.25372pt, 89.6271pt)
* v-part:(T,H,B)=(101.40665pt, 591.53027pt, 152.11002pt)
* \paperwidth=597.50793pt
* \paperheight=845.04694pt
* \textwidth=458.28455pt
* \textheight=636.60028pt
* \oddsidemargin=-20.95341pt
* \evensidemargin=-20.95341pt
* \topmargin=-11.9095pt
* \headheight=17.0pt
* \headsep=20.40001pt
* \topskip=11.0pt
* \footskip=47.6pt
* \marginparwidth=72.14804pt
* \marginparsep=12.8401pt
* \columnsep=10.0pt
* \skip\footins=10.0pt plus 4.0pt minus 2.0pt
* \hoffset=0.0pt
* \voffset=0.0pt
* \mag=1000
* \@twocolumnfalse
* \@twosidefalse
* \@mparswitchfalse
* \@reversemarginfalse
* (1in=72.27pt=25.4mm, 1cm=28.453pt)

LaTeX Info: Redefining \microtypecontext on input line 347.

Package microtype Warning: Unable to apply patch `item' on input line 347.

Package microtype Info: Applying patch `toc' on input line 347.
Package microtype Info: Applying patch `eqnum' on input line 347.
Package microtype Info: Applying patch `footnote' on input line 347.
Package microtype Info: Generating PDF output.
Package microtype Info: Character protrusion enabled (level 2).
Package microtype Info: Using default protrusion set `alltext'.
Package microtype Info: Automatic font expansion enabled (level 2),
(microtype)             stretch: 20, shrink: 20, step: 1, non-selected.
Package microtype Info: Using default expansion set `alltext-nott'.
LaTeX Info: Redefining \showhyphens on input line 347.
Package microtype Info: No adjustment of tracking.
Package microtype Info: No adjustment of interword spacing.
Package microtype Info: No adjustment of character kerning.
Package microtype Info: Redefining babel's language switching commands.
(/usr/local/texlive/2022/texmf-dist/tex/latex/microtype/mt-ptm.cfg
File: mt-ptm.cfg 2006/04/20 v1.7 microtype config. file: Times (RS)
)
! Undefined control sequence.
<argument> \sf@counterlist 
                           
l.347 \begin{document}
                      
The control sequence at the end of the top line
of your error message was never \def'ed. If you have
misspelled it (e.g., `\hobx'), type `I' and the correct
spelling (e.g., `I\hbox'). Otherwise just continue,
and I'll forget about whatever was undefined.


(/usr/local/texlive/2022/texmf-dist/tex/latex/translations/translations-basic-d
ictionary-english.trsl
File: translations-basic-dictionary-english.trsl (english translation file `tra
nslations-basic-dictionary')
)
Package biblatex Info: Trying to load language 'UKenglish'...
Package biblatex Info: ... file 'UKenglish.lbx' found.

(/usr/local/texlive/2022/texmf-dist/tex/latex/biblatex/lbx/UKenglish.lbx
File: UKenglish.lbx 2022/02/02 v3.17 biblatex localization (PK/MW)
Package biblatex Info: Trying to load language 'british'...
Package biblatex Info: ... file 'british.lbx' found.

(/usr/local/texlive/2022/texmf-dist/tex/latex/biblatex/lbx/british.lbx
File: british.lbx 2022/02/02 v3.17 biblatex localization (PK/MW)
)
Package biblatex Info: Trying to load language 'british'...
Package biblatex Info: ... file 'british.lbx' found.

(/usr/local/texlive/2022/texmf-dist/tex/latex/biblatex/lbx/british.lbx
File: british.lbx 2022/02/02 v3.17 biblatex localization (PK/MW)
Package biblatex Info: Trying to load language 'english'...
Package biblatex Info: ... file 'english.lbx' found.

(/usr/local/texlive/2022/texmf-dist/tex/latex/biblatex/lbx/english.lbx
File: english.lbx 2022/02/02 v3.17 biblatex localization (PK/MW)
)))
Package biblatex Info: Input encoding 'utf8' detected.
Package biblatex Info: Automatic encoding selection.
(biblatex)             Assuming data encoding 'utf8'.
\openout4 = `paper-diff.bcf'.

Package biblatex Info: Trying to load bibliographic data...
Package biblatex Info: ... file 'paper-diff.bbl' found.

(./paper-diff.bbl)
Package biblatex Info: Reference section=0 on input line 347.
Package biblatex Info: Reference segment=0 on input line 347.
\c@lstlisting=\count524
<logos//AT_atlaslogo_2015.pdf, id=7, 259.97125pt x 259.97125pt>
File: logos//AT_atlaslogo_2015.pdf Graphic file (type pdf)
<use logos//AT_atlaslogo_2015.pdf>
Package pdftex.def Info: logos//AT_atlaslogo_2015.pdf  used on input line 349.
(pdftex.def)             Requested size: 71.12935pt x 71.13188pt.
LaTeX Font Info:    Trying to load font information for OT1+minntx on input lin
e 349.

(/usr/local/texlive/2022/texmf-dist/tex/latex/newtx/ot1minntx.fd
File: ot1minntx.fd 2022/01/20 v1.0 font definition file for OT1/minntx
)
Package microtype Info: Loading generic protrusion settings for font family
(microtype)             `minntx' (encoding: OT1).
(microtype)             For optimal results, create family-specific settings.
(microtype)             See the microtype manual for details.
LaTeX Font Info:    Trying to load font information for U+ntxmia on input line 
349.

(/usr/local/texlive/2022/texmf-dist/tex/latex/newtx/untxmia.fd
File: untxmia.fd 2018/04/14 Fontinst v1.933 font definitions for U/ntxmia.
)
LaTeX Font Info:    Trying to load font information for U+ntxsym on input line 
349.

(/usr/local/texlive/2022/texmf-dist/tex/latex/newtx/untxsym.fd
File: untxsym.fd 2015/03/20 Fontinst v1.933 font definitions for U/ntxsym.
)
LaTeX Font Info:    Trying to load font information for U+ntxsyc on input line 
349.

(/usr/local/texlive/2022/texmf-dist/tex/latex/newtx/untxsyc.fd
File: untxsyc.fd 2012/04/12 Fontinst v1.933 font definitions for U/ntxsyc.
)
LaTeX Font Info:    Trying to load font information for T1+qhv on input line 34
9.

(/usr/local/texlive/2022/texmf-dist/tex/latex/tex-gyre/t1qhv.fd
File: t1qhv.fd 2009/09/25 v1.2 font definition file for T1/qhv
)
LaTeX Font Info:    Font shape `T1/qhv/m/n' will be
(Font)              scaled to size 10.29301pt on input line 349.
Package microtype Info: Loading generic protrusion settings for font family
(microtype)             `qhv' (encoding: T1).
(microtype)             For optimal results, create family-specific settings.
(microtype)             See the microtype manual for details.
LaTeX Font Info:    Font shape `T1/qhv/b/n' will be
(Font)              scaled to size 10.29301pt on input line 349.
LaTeX Font Info:    Font shape `T1/qhv/b/n' will be
(Font)              scaled to size 15.04004pt on input line 349.
LaTeX Font Info:    Font shape `T1/qhv/m/n' will be
(Font)              scaled to size 15.04004pt on input line 349.
LaTeX Font Info:    Font shape `T1/qhv/m/n' will be
(Font)              scaled to size 13.16003pt on input line 349.
LaTeX Font Info:    Font shape `T1/qhv/b/n' will be
(Font)              scaled to size 13.16003pt on input line 349.
LaTeX Font Info:    Font shape `T1/qhv/m/n' will be
(Font)              scaled to size 12.22003pt on input line 349.
LaTeX Font Info:    Font shape `T1/qhv/m/n' will be
(Font)              scaled to size 10.34003pt on input line 349.
LaTeX Font Info:    Trying to load font information for T1+ntxtt on input line 
349.

(/usr/local/texlive/2022/texmf-dist/tex/latex/newtx/t1ntxtt.fd
File: t1ntxtt.fd 2012/04/20 v3.1
)
LaTeX Font Info:    Font shape `T1/ntxtt/m/n' will be
(Font)              scaled to size 11.0pt on input line 349.
Package microtype Info: Loading generic protrusion settings for font family
(microtype)             `ntxtt' (encoding: T1).
(microtype)             For optimal results, create family-specific settings.
(microtype)             See the microtype manual for details.

Underfull \hbox (badness 10000) in paragraph at lines 349--349

 []

LaTeX Font Info:    Font shape `T1/qhv/m/n' will be
(Font)              scaled to size 9.40002pt on input line 349.
LaTeX Font Info:    Font shape `T1/qhv/m/n' will be
(Font)              scaled to size 8.46002pt on input line 349.
LaTeX Font Info:    Font shape `T1/qhv/m/n' will be
(Font)              scaled to size 6.86201pt on input line 349.
[1

{/usr/local/texlive/2022/texmf-var/fonts/map/pdftex/updmap/pdftex.map} <./logos
//AT_atlaslogo_2015.pdf>]
LaTeX Font Info:    Font shape `T1/qhv/m/it' will be
(Font)              scaled to size 12.22003pt on input line 349.
LaTeX Font Info:    Font shape `T1/qhv/b/n' will be
(Font)              scaled to size 12.22003pt on input line 349.
LaTeX Font Info:    Calculating math sizes for size <13> on input line 349.
 [2

]
atlasdoc: using ATLAS document title page
File: logos//AT_atlaslogo_2015.pdf Graphic file (type pdf)
<use logos//AT_atlaslogo_2015.pdf>
Package pdftex.def Info: logos//AT_atlaslogo_2015.pdf  used on input line 349.
(pdftex.def)             Requested size: 71.12935pt x 71.13188pt.
LaTeX Font Info:    Font shape `T1/qhv/b/n' will be
(Font)              scaled to size 18.80005pt on input line 349.
atlasdoc: using default heading
LaTeX Font Info:    Font shape `T1/ntxtlf/m/n' will be
(Font)              scaled to size 14.4pt on input line 349.
<logos//AT_cernlogo.pdf, id=29, 85.31876pt x 83.31125pt>
File: logos//AT_cernlogo.pdf Graphic file (type pdf)
<use logos//AT_cernlogo.pdf>
Package pdftex.def Info: logos//AT_cernlogo.pdf  used on input line 349.
(pdftex.def)             Requested size: 72.85063pt x 71.13188pt.
LaTeX Font Info:    Font shape `T1/ntxtlf/m/n' will be
(Font)              scaled to size 6.0pt on input line 349.
LaTeX Font Info:    Font shape `T1/qhv/m/n' will be
(Font)              scaled to size 5.64001pt on input line 349.
LaTeX Font Info:    Font shape `T1/ntxtlf/b/n' will be
(Font)              scaled to size 10.95pt on input line 349.
LaTeX Font Info:    Font shape `T1/ntxtlf/b/n' will be
(Font)              scaled to size 20.74pt on input line 349.
LaTeX Font Info:    Font shape `T1/ntxtlf/m/n' will be
(Font)              scaled to size 20.74pt on input line 349.
LaTeX Font Info:    Font shape `T1/ntxtlf/m/n' will be
(Font)              scaled to size 10.0pt on input line 349.
atlasdoc: using default copyright
LaTeX Font Info:    Trying to load font information for TS1+ntxtlf on input lin
e 349.
(/usr/local/texlive/2022/texmf-dist/tex/latex/newtx/ts1ntxtlf.fd
File: ts1ntxtlf.fd 2015/01/18 v1.0 fd file for TS1/ntxtlf
)
LaTeX Font Info:    Font shape `TS1/ntxtlf/m/n' will be
(Font)              scaled to size 10.0pt on input line 349.

pdfTeX warning (ext4): destination with the same identifier (name{page.1}) has 
been already used, duplicate ignored
<to be read again> 
                   \relax 
l.349 \maketitle
                 [1

 <./logos//AT_cernlogo.pdf>]
LaTeX Font Info:    Font shape `T1/ntxtlf/b/n' will be
(Font)              scaled to size 14.4pt on input line 351.
Package tocbasic Info: character protrusion at toc deactivated on input line 35
1.
 (./paper-diff.toc)
\tf@toc=\write6
\openout6 = `paper-diff.toc'.


pdfTeX warning (ext4): destination with the same identifier (name{page.2}) has 
been already used, duplicate ignored
<to be read again> 
                   \relax 
l.353  \newpage
                \section{Introduction} [2]
<sections/01_introduction/figures/ElectronChain_Run2_noringer_and_ringer.pdf, i
d=88, 654.445pt x 711.65875pt>
File: sections/01_introduction/figures/ElectronChain_Run2_noringer_and_ringer.p
df Graphic file (type pdf)
<use sections/01_introduction/figures/ElectronChain_Run2_noringer_and_ringer.pd
f>
Package pdftex.def Info: sections/01_introduction/figures/ElectronChain_Run2_no
ringer_and_ringer.pdf  used on input line 368.
(pdftex.def)             Requested size: 320.79778pt x 348.83528pt.
 [3]

Package hyperref Warning: Token not allowed in a PDF string (Unicode):
(hyperref)                removing `\<let>-command' on input line 379.


Package hyperref Warning: Token not allowed in a PDF string (Unicode):
(hyperref)                removing `\includegraphics' on input line 379.


Package hyperref Warning: Token not allowed in a PDF string (Unicode):
(hyperref)                removing `\DIFdelincludegraphics' on input line 379.


Package hyperref Warning: Token not allowed in a PDF string (Unicode):
(hyperref)                removing `\@ifnextchar' on input line 379.


Package hyperref Warning: Token not allowed in a PDF string (Unicode):
(hyperref)                removing `\sout' on input line 379.


Package hyperref Warning: Token not allowed in a PDF string (Unicode):
(hyperref)                removing `\<let>-command' on input line 379.


Package hyperref Warning: Token not allowed in a PDF string (Unicode):
(hyperref)                removing `\includegraphics' on input line 379.


Package hyperref Warning: Token not allowed in a PDF string (Unicode):
(hyperref)                removing `\DIFOincludegraphics' on input line 379.


Package hyperref Warning: Token not allowed in a PDF string (Unicode):
(hyperref)                removing `\<let>-command' on input line 379.


Package hyperref Warning: Token not allowed in a PDF string (Unicode):
(hyperref)                removing `\includegraphics' on input line 379.


Package hyperref Warning: Token not allowed in a PDF string (Unicode):
(hyperref)                removing `\DIFaddincludegraphics' on input line 379.


Package hyperref Warning: Token not allowed in a PDF string (Unicode):
(hyperref)                removing `\@ifnextchar' on input line 379.


Package hyperref Warning: Token not allowed in a PDF string (Unicode):
(hyperref)                removing `\uwave' on input line 379.


Package hyperref Warning: Token not allowed in a PDF string (Unicode):
(hyperref)                removing `\<let>-command' on input line 379.


Package hyperref Warning: Token not allowed in a PDF string (Unicode):
(hyperref)                removing `\includegraphics' on input line 379.


Package hyperref Warning: Token not allowed in a PDF string (Unicode):
(hyperref)                removing `\DIFOincludegraphics' on input line 379.

LaTeX Font Info:    Font shape `T1/ntxtlf/b/n' will be
(Font)              scaled to size 12.0pt on input line 385.
LaTeX Font Info:    Font shape `T1/ntxtlf/m/n' will be
(Font)              scaled to size 12.0pt on input line 385.

Package hyperref Warning: Token not allowed in a PDF string (Unicode):
(hyperref)                removing `\<let>-command' on input line 385.


Package hyperref Warning: Token not allowed in a PDF string (Unicode):
(hyperref)                removing `\includegraphics' on input line 385.


Package hyperref Warning: Token not allowed in a PDF string (Unicode):
(hyperref)                removing `\DIFdelincludegraphics' on input line 385.


Package hyperref Warning: Token not allowed in a PDF string (Unicode):
(hyperref)                removing `\@ifnextchar' on input line 385.


Package hyperref Warning: Token not allowed in a PDF string (Unicode):
(hyperref)                removing `\sout' on input line 385.


Package hyperref Warning: Token not allowed in a PDF string (Unicode):
(hyperref)                removing `\<let>-command' on input line 385.


Package hyperref Warning: Token not allowed in a PDF string (Unicode):
(hyperref)                removing `\includegraphics' on input line 385.


Package hyperref Warning: Token not allowed in a PDF string (Unicode):
(hyperref)                removing `\DIFOincludegraphics' on input line 385.


Package hyperref Warning: Token not allowed in a PDF string (Unicode):
(hyperref)                removing `\<let>-command' on input line 385.


Package hyperref Warning: Token not allowed in a PDF string (Unicode):
(hyperref)                removing `\includegraphics' on input line 385.


Package hyperref Warning: Token not allowed in a PDF string (Unicode):
(hyperref)                removing `\DIFaddincludegraphics' on input line 385.


Package hyperref Warning: Token not allowed in a PDF string (Unicode):
(hyperref)                removing `\@ifnextchar' on input line 385.


Package hyperref Warning: Token not allowed in a PDF string (Unicode):
(hyperref)                removing `\uwave' on input line 385.


Package hyperref Warning: Token not allowed in a PDF string (Unicode):
(hyperref)                removing `\<let>-command' on input line 385.


Package hyperref Warning: Token not allowed in a PDF string (Unicode):
(hyperref)                removing `\includegraphics' on input line 385.


Package hyperref Warning: Token not allowed in a PDF string (Unicode):
(hyperref)                removing `\DIFOincludegraphics' on input line 385.

[4 <./sections/01_introduction/figures/ElectronChain_Run2_noringer_and_ringer.p
df>]
LaTeX Font Info:    Font shape `T1/ntxtlf/m/n' will be
(Font)              scaled to size 8.0pt on input line 392.
LaTeX Font Info:    Font shape `T1/ntxtlf/m/n' will be
(Font)              scaled to size 9.0pt on input line 392.
LaTeX Font Info:    Font shape `T1/ntxtlf/m/n' will be
(Font)              scaled to size 7.3pt on input line 392.
LaTeX Font Info:    Font shape `T1/ntxtlf/m/n' will be
(Font)              scaled to size 5.5pt on input line 392.
 [5]

Package hyperref Warning: Token not allowed in a PDF string (Unicode):
(hyperref)                removing `\<let>-command' on input line 405.


Package hyperref Warning: Token not allowed in a PDF string (Unicode):
(hyperref)                removing `\includegraphics' on input line 405.


Package hyperref Warning: Token not allowed in a PDF string (Unicode):
(hyperref)                removing `\DIFdelincludegraphics' on input line 405.


Package hyperref Warning: Token not allowed in a PDF string (Unicode):
(hyperref)                removing `\@ifnextchar' on input line 405.


Package hyperref Warning: Token not allowed in a PDF string (Unicode):
(hyperref)                removing `\sout' on input line 405.


Package hyperref Warning: Token not allowed in a PDF string (Unicode):
(hyperref)                removing `\<let>-command' on input line 405.


Package hyperref Warning: Token not allowed in a PDF string (Unicode):
(hyperref)                removing `\includegraphics' on input line 405.


Package hyperref Warning: Token not allowed in a PDF string (Unicode):
(hyperref)                removing `\DIFOincludegraphics' on input line 405.


Package hyperref Warning: Token not allowed in a PDF string (Unicode):
(hyperref)                removing `\<let>-command' on input line 405.


Package hyperref Warning: Token not allowed in a PDF string (Unicode):
(hyperref)                removing `\includegraphics' on input line 405.


Package hyperref Warning: Token not allowed in a PDF string (Unicode):
(hyperref)                removing `\DIFaddincludegraphics' on input line 405.


Package hyperref Warning: Token not allowed in a PDF string (Unicode):
(hyperref)                removing `\@ifnextchar' on input line 405.


Package hyperref Warning: Token not allowed in a PDF string (Unicode):
(hyperref)                removing `\uwave' on input line 405.


Package hyperref Warning: Token not allowed in a PDF string (Unicode):
(hyperref)                removing `\<let>-command' on input line 405.


Package hyperref Warning: Token not allowed in a PDF string (Unicode):
(hyperref)                removing `\includegraphics' on input line 405.


Package hyperref Warning: Token not allowed in a PDF string (Unicode):
(hyperref)                removing `\DIFOincludegraphics' on input line 405.

LaTeX Font Info:    Font shape `T1/ntxtlf/m/n' will be
(Font)              scaled to size 6.1pt on input line 413.
<sections/02_ringer/figures/ATLAS_EM_Layers_v5.pdf, id=187, 1138.2525pt x 682.5
5pt>
File: sections/02_ringer/figures/ATLAS_EM_Layers_v5.pdf Graphic file (type pdf)

<use sections/02_ringer/figures/ATLAS_EM_Layers_v5.pdf>
Package pdftex.def Info: sections/02_ringer/figures/ATLAS_EM_Layers_v5.pdf  use
d on input line 420.
(pdftex.def)             Requested size: 435.36891pt x 261.06932pt.
<sections/02_ringer/figures/ATLAS_HAD_Layers_v5.pdf, id=188, 853.1875pt x 511.9
125pt>
File: sections/02_ringer/figures/ATLAS_HAD_Layers_v5.pdf Graphic file (type pdf
)
<use sections/02_ringer/figures/ATLAS_HAD_Layers_v5.pdf>
Package pdftex.def Info: sections/02_ringer/figures/ATLAS_HAD_Layers_v5.pdf  us
ed on input line 425.
(pdftex.def)             Requested size: 435.36891pt x 261.22815pt.
LaTeX Font Info:    Font shape `T1/ntxtlf/m/it' will be
(Font)              scaled to size 10.95pt on input line 465.
[6]

LaTeX Warning: Text page 7 contains only floats.

[7 <./sections/02_ringer/figures/ATLAS_EM_Layers_v5.pdf> <./sections/02_ringer/
figures/ATLAS_HAD_Layers_v5.pdf>]
<sections/02_ringer/figures/ring_shape.pdf, id=237, 1084.05pt x 505.89pt>
File: sections/02_ringer/figures/ring_shape.pdf Graphic file (type pdf)
<use sections/02_ringer/figures/ring_shape.pdf>
Package pdftex.def Info: sections/02_ringer/figures/ring_shape.pdf  used on inp
ut line 551.
(pdftex.def)             Requested size: 412.4533pt x 192.47948pt.


Package hyperref Warning: Token not allowed in a PDF string (Unicode):
(hyperref)                removing `\<let>-command' on input line 556.


Package hyperref Warning: Token not allowed in a PDF string (Unicode):
(hyperref)                removing `\includegraphics' on input line 556.


Package hyperref Warning: Token not allowed in a PDF string (Unicode):
(hyperref)                removing `\DIFdelincludegraphics' on input line 556.


Package hyperref Warning: Token not allowed in a PDF string (Unicode):
(hyperref)                removing `\@ifnextchar' on input line 556.


Package hyperref Warning: Token not allowed in a PDF string (Unicode):
(hyperref)                removing `\sout' on input line 556.


Package hyperref Warning: Token not allowed in a PDF string (Unicode):
(hyperref)                removing `\<let>-command' on input line 556.


Package hyperref Warning: Token not allowed in a PDF string (Unicode):
(hyperref)                removing `\includegraphics' on input line 556.


Package hyperref Warning: Token not allowed in a PDF string (Unicode):
(hyperref)                removing `\DIFOincludegraphics' on input line 556.


Package hyperref Warning: Token not allowed in a PDF string (Unicode):
(hyperref)                removing `\<let>-command' on input line 556.


Package hyperref Warning: Token not allowed in a PDF string (Unicode):
(hyperref)                removing `\includegraphics' on input line 556.


Package hyperref Warning: Token not allowed in a PDF string (Unicode):
(hyperref)                removing `\DIFaddincludegraphics' on input line 556.


Package hyperref Warning: Token not allowed in a PDF string (Unicode):
(hyperref)                removing `\@ifnextchar' on input line 556.


Package hyperref Warning: Token not allowed in a PDF string (Unicode):
(hyperref)                removing `\uwave' on input line 556.


Package hyperref Warning: Token not allowed in a PDF string (Unicode):
(hyperref)                removing `\<let>-command' on input line 556.


Package hyperref Warning: Token not allowed in a PDF string (Unicode):
(hyperref)                removing `\includegraphics' on input line 556.


Package hyperref Warning: Token not allowed in a PDF string (Unicode):
(hyperref)                removing `\DIFOincludegraphics' on input line 556.


Package hyperref Warning: Token not allowed in a PDF string (Unicode):
(hyperref)                removing `\<let>-command' on input line 556.


Package hyperref Warning: Token not allowed in a PDF string (Unicode):
(hyperref)                removing `\includegraphics' on input line 556.


Package hyperref Warning: Token not allowed in a PDF string (Unicode):
(hyperref)                removing `\DIFdelincludegraphics' on input line 556.


Package hyperref Warning: Token not allowed in a PDF string (Unicode):
(hyperref)                removing `\@ifnextchar' on input line 556.


Package hyperref Warning: Token not allowed in a PDF string (Unicode):
(hyperref)                removing `\sout' on input line 556.


Package hyperref Warning: Token not allowed in a PDF string (Unicode):
(hyperref)                removing `\<let>-command' on input line 556.


Package hyperref Warning: Token not allowed in a PDF string (Unicode):
(hyperref)                removing `\includegraphics' on input line 556.


Package hyperref Warning: Token not allowed in a PDF string (Unicode):
(hyperref)                removing `\DIFOincludegraphics' on input line 556.


Package hyperref Warning: Token not allowed in a PDF string (Unicode):
(hyperref)                removing `\<let>-command' on input line 556.


Package hyperref Warning: Token not allowed in a PDF string (Unicode):
(hyperref)                removing `\includegraphics' on input line 556.


Package hyperref Warning: Token not allowed in a PDF string (Unicode):
(hyperref)                removing `\DIFaddincludegraphics' on input line 556.


Package hyperref Warning: Token not allowed in a PDF string (Unicode):
(hyperref)                removing `\@ifnextchar' on input line 556.


Package hyperref Warning: Token not allowed in a PDF string (Unicode):
(hyperref)                removing `\uwave' on input line 556.


Package hyperref Warning: Token not allowed in a PDF string (Unicode):
(hyperref)                removing `\<let>-command' on input line 556.


Package hyperref Warning: Token not allowed in a PDF string (Unicode):
(hyperref)                removing `\includegraphics' on input line 556.


Package hyperref Warning: Token not allowed in a PDF string (Unicode):
(hyperref)                removing `\DIFOincludegraphics' on input line 556.

[8 <./sections/02_ringer/figures/ring_shape.pdf>]

Package hyperref Warning: Token not allowed in a PDF string (Unicode):
(hyperref)                removing `\<let>-command' on input line 581.


Package hyperref Warning: Token not allowed in a PDF string (Unicode):
(hyperref)                removing `\includegraphics' on input line 581.


Package hyperref Warning: Token not allowed in a PDF string (Unicode):
(hyperref)                removing `\DIFaddincludegraphics' on input line 581.


Package hyperref Warning: Token not allowed in a PDF string (Unicode):
(hyperref)                removing `\@ifnextchar' on input line 581.


Package hyperref Warning: Token not allowed in a PDF string (Unicode):
(hyperref)                removing `\uwave' on input line 581.


Package hyperref Warning: Token not allowed in a PDF string (Unicode):
(hyperref)                removing `\<let>-command' on input line 581.


Package hyperref Warning: Token not allowed in a PDF string (Unicode):
(hyperref)                removing `\includegraphics' on input line 581.


Package hyperref Warning: Token not allowed in a PDF string (Unicode):
(hyperref)                removing `\DIFOincludegraphics' on input line 581.


Package hyperref Warning: Token not allowed in a PDF string (Unicode):
(hyperref)                removing `\<let>-command' on input line 581.


Package hyperref Warning: Token not allowed in a PDF string (Unicode):
(hyperref)                removing `\includegraphics' on input line 581.


Package hyperref Warning: Token not allowed in a PDF string (Unicode):
(hyperref)                removing `\DIFdelincludegraphics' on input line 581.


Package hyperref Warning: Token not allowed in a PDF string (Unicode):
(hyperref)                removing `\@ifnextchar' on input line 581.


Package hyperref Warning: Token not allowed in a PDF string (Unicode):
(hyperref)                removing `\sout' on input line 581.


Package hyperref Warning: Token not allowed in a PDF string (Unicode):
(hyperref)                removing `\<let>-command' on input line 581.


Package hyperref Warning: Token not allowed in a PDF string (Unicode):
(hyperref)                removing `\includegraphics' on input line 581.


Package hyperref Warning: Token not allowed in a PDF string (Unicode):
(hyperref)                removing `\DIFOincludegraphics' on input line 581.


Package hyperref Warning: Token not allowed in a PDF string (Unicode):
(hyperref)                removing `\<let>-command' on input line 581.


Package hyperref Warning: Token not allowed in a PDF string (Unicode):
(hyperref)                removing `\includegraphics' on input line 581.


Package hyperref Warning: Token not allowed in a PDF string (Unicode):
(hyperref)                removing `\DIFaddincludegraphics' on input line 581.


Package hyperref Warning: Token not allowed in a PDF string (Unicode):
(hyperref)                removing `\@ifnextchar' on input line 581.


Package hyperref Warning: Token not allowed in a PDF string (Unicode):
(hyperref)                removing `\uwave' on input line 581.


Package hyperref Warning: Token not allowed in a PDF string (Unicode):
(hyperref)                removing `\<let>-command' on input line 581.


Package hyperref Warning: Token not allowed in a PDF string (Unicode):
(hyperref)                removing `\includegraphics' on input line 581.


Package hyperref Warning: Token not allowed in a PDF string (Unicode):
(hyperref)                removing `\DIFOincludegraphics' on input line 581.


Package hyperref Warning: Token not allowed in a PDF string (Unicode):
(hyperref)                removing `\<let>-command' on input line 581.


Package hyperref Warning: Token not allowed in a PDF string (Unicode):
(hyperref)                removing `\includegraphics' on input line 581.


Package hyperref Warning: Token not allowed in a PDF string (Unicode):
(hyperref)                removing `\DIFdelincludegraphics' on input line 581.


Package hyperref Warning: Token not allowed in a PDF string (Unicode):
(hyperref)                removing `\@ifnextchar' on input line 581.


Package hyperref Warning: Token not allowed in a PDF string (Unicode):
(hyperref)                removing `\sout' on input line 581.


Package hyperref Warning: Token not allowed in a PDF string (Unicode):
(hyperref)                removing `\<let>-command' on input line 581.


Package hyperref Warning: Token not allowed in a PDF string (Unicode):
(hyperref)                removing `\includegraphics' on input line 581.


Package hyperref Warning: Token not allowed in a PDF string (Unicode):
(hyperref)                removing `\DIFOincludegraphics' on input line 581.


Package hyperref Warning: Token not allowed in a PDF string (Unicode):
(hyperref)                removing `\<let>-command' on input line 581.


Package hyperref Warning: Token not allowed in a PDF string (Unicode):
(hyperref)                removing `\includegraphics' on input line 581.


Package hyperref Warning: Token not allowed in a PDF string (Unicode):
(hyperref)                removing `\DIFaddincludegraphics' on input line 581.


Package hyperref Warning: Token not allowed in a PDF string (Unicode):
(hyperref)                removing `\@ifnextchar' on input line 581.


Package hyperref Warning: Token not allowed in a PDF string (Unicode):
(hyperref)                removing `\uwave' on input line 581.


Package hyperref Warning: Token not allowed in a PDF string (Unicode):
(hyperref)                removing `\<let>-command' on input line 581.


Package hyperref Warning: Token not allowed in a PDF string (Unicode):
(hyperref)                removing `\includegraphics' on input line 581.


Package hyperref Warning: Token not allowed in a PDF string (Unicode):
(hyperref)                removing `\DIFOincludegraphics' on input line 581.

[9]

Package hyperref Warning: Token not allowed in a PDF string (Unicode):
(hyperref)                removing `\<let>-command' on input line 614.


Package hyperref Warning: Token not allowed in a PDF string (Unicode):
(hyperref)                removing `\includegraphics' on input line 614.


Package hyperref Warning: Token not allowed in a PDF string (Unicode):
(hyperref)                removing `\DIFdelincludegraphics' on input line 614.


Package hyperref Warning: Token not allowed in a PDF string (Unicode):
(hyperref)                removing `\@ifnextchar' on input line 614.


Package hyperref Warning: Token not allowed in a PDF string (Unicode):
(hyperref)                removing `\sout' on input line 614.


Package hyperref Warning: Token not allowed in a PDF string (Unicode):
(hyperref)                removing `\<let>-command' on input line 614.


Package hyperref Warning: Token not allowed in a PDF string (Unicode):
(hyperref)                removing `\includegraphics' on input line 614.


Package hyperref Warning: Token not allowed in a PDF string (Unicode):
(hyperref)                removing `\DIFOincludegraphics' on input line 614.


Package hyperref Warning: Token not allowed in a PDF string (Unicode):
(hyperref)                removing `\<let>-command' on input line 614.


Package hyperref Warning: Token not allowed in a PDF string (Unicode):
(hyperref)                removing `\includegraphics' on input line 614.


Package hyperref Warning: Token not allowed in a PDF string (Unicode):
(hyperref)                removing `\DIFaddincludegraphics' on input line 614.


Package hyperref Warning: Token not allowed in a PDF string (Unicode):
(hyperref)                removing `\@ifnextchar' on input line 614.


Package hyperref Warning: Token not allowed in a PDF string (Unicode):
(hyperref)                removing `\uwave' on input line 614.


Package hyperref Warning: Token not allowed in a PDF string (Unicode):
(hyperref)                removing `\<let>-command' on input line 614.


Package hyperref Warning: Token not allowed in a PDF string (Unicode):
(hyperref)                removing `\includegraphics' on input line 614.


Package hyperref Warning: Token not allowed in a PDF string (Unicode):
(hyperref)                removing `\DIFOincludegraphics' on input line 614.


Package hyperref Warning: Token not allowed in a PDF string (Unicode):
(hyperref)                removing `\<let>-command' on input line 614.


Package hyperref Warning: Token not allowed in a PDF string (Unicode):
(hyperref)                removing `\includegraphics' on input line 614.


Package hyperref Warning: Token not allowed in a PDF string (Unicode):
(hyperref)                removing `\DIFdelincludegraphics' on input line 614.


Package hyperref Warning: Token not allowed in a PDF string (Unicode):
(hyperref)                removing `\@ifnextchar' on input line 614.


Package hyperref Warning: Token not allowed in a PDF string (Unicode):
(hyperref)                removing `\sout' on input line 614.


Package hyperref Warning: Token not allowed in a PDF string (Unicode):
(hyperref)                removing `\<let>-command' on input line 614.


Package hyperref Warning: Token not allowed in a PDF string (Unicode):
(hyperref)                removing `\includegraphics' on input line 614.


Package hyperref Warning: Token not allowed in a PDF string (Unicode):
(hyperref)                removing `\DIFOincludegraphics' on input line 614.


Package hyperref Warning: Token not allowed in a PDF string (Unicode):
(hyperref)                removing `\<let>-command' on input line 614.


Package hyperref Warning: Token not allowed in a PDF string (Unicode):
(hyperref)                removing `\includegraphics' on input line 614.


Package hyperref Warning: Token not allowed in a PDF string (Unicode):
(hyperref)                removing `\DIFaddincludegraphics' on input line 614.


Package hyperref Warning: Token not allowed in a PDF string (Unicode):
(hyperref)                removing `\@ifnextchar' on input line 614.


Package hyperref Warning: Token not allowed in a PDF string (Unicode):
(hyperref)                removing `\uwave' on input line 614.


Package hyperref Warning: Token not allowed in a PDF string (Unicode):
(hyperref)                removing `\<let>-command' on input line 614.


Package hyperref Warning: Token not allowed in a PDF string (Unicode):
(hyperref)                removing `\includegraphics' on input line 614.


Package hyperref Warning: Token not allowed in a PDF string (Unicode):
(hyperref)                removing `\DIFOincludegraphics' on input line 614.


Package hyperref Warning: Token not allowed in a PDF string (Unicode):
(hyperref)                removing `\<let>-command' on input line 627.


Package hyperref Warning: Token not allowed in a PDF string (Unicode):
(hyperref)                removing `\includegraphics' on input line 627.


Package hyperref Warning: Token not allowed in a PDF string (Unicode):
(hyperref)                removing `\DIFdelincludegraphics' on input line 627.


Package hyperref Warning: Token not allowed in a PDF string (Unicode):
(hyperref)                removing `\@ifnextchar' on input line 627.


Package hyperref Warning: Token not allowed in a PDF string (Unicode):
(hyperref)                removing `\sout' on input line 627.


Package hyperref Warning: Token not allowed in a PDF string (Unicode):
(hyperref)                removing `\<let>-command' on input line 627.


Package hyperref Warning: Token not allowed in a PDF string (Unicode):
(hyperref)                removing `\includegraphics' on input line 627.


Package hyperref Warning: Token not allowed in a PDF string (Unicode):
(hyperref)                removing `\DIFOincludegraphics' on input line 627.


Package hyperref Warning: Token not allowed in a PDF string (Unicode):
(hyperref)                removing `\<let>-command' on input line 627.


Package hyperref Warning: Token not allowed in a PDF string (Unicode):
(hyperref)                removing `\includegraphics' on input line 627.


Package hyperref Warning: Token not allowed in a PDF string (Unicode):
(hyperref)                removing `\DIFaddincludegraphics' on input line 627.


Package hyperref Warning: Token not allowed in a PDF string (Unicode):
(hyperref)                removing `\@ifnextchar' on input line 627.


Package hyperref Warning: Token not allowed in a PDF string (Unicode):
(hyperref)                removing `\uwave' on input line 627.


Package hyperref Warning: Token not allowed in a PDF string (Unicode):
(hyperref)                removing `\<let>-command' on input line 627.


Package hyperref Warning: Token not allowed in a PDF string (Unicode):
(hyperref)                removing `\includegraphics' on input line 627.


Package hyperref Warning: Token not allowed in a PDF string (Unicode):
(hyperref)                removing `\DIFOincludegraphics' on input line 627.

[10]
<sections/02_ringer/figures/nn_output_versus_mu_with_tanh.pdf, id=340, 569.1262
5pt x 541.02126pt>
File: sections/02_ringer/figures/nn_output_versus_mu_with_tanh.pdf Graphic file
 (type pdf)
<use sections/02_ringer/figures/nn_output_versus_mu_with_tanh.pdf>
Package pdftex.def Info: sections/02_ringer/figures/nn_output_versus_mu_with_ta
nh.pdf  used on input line 667.
(pdftex.def)             Requested size: 219.97461pt x 209.11522pt.
<sections/02_ringer/figures/nn_output_versus_mu.pdf, id=341, 569.12625pt x 541.
02126pt>
File: sections/02_ringer/figures/nn_output_versus_mu.pdf Graphic file (type pdf
)
<use sections/02_ringer/figures/nn_output_versus_mu.pdf>
Package pdftex.def Info: sections/02_ringer/figures/nn_output_versus_mu.pdf  us
ed on input line 674.
(pdftex.def)             Requested size: 219.97461pt x 209.11522pt.
<sections/02_ringer/figures/nn_output_mc15_versus_data16_et2_eta0.pdf, id=342, 
569.12625pt x 385.44pt>
File: sections/02_ringer/figures/nn_output_mc15_versus_data16_et2_eta0.pdf Grap
hic file (type pdf)
<use sections/02_ringer/figures/nn_output_mc15_versus_data16_et2_eta0.pdf>
Package pdftex.def Info: sections/02_ringer/figures/nn_output_mc15_versus_data1
6_et2_eta0.pdf  used on input line 694.
(pdftex.def)             Requested size: 320.79778pt x 217.2682pt.
 [11]
! Misplaced \omit.
\multispan ->\omit 
                   \@multispan 
l.717 ...inFL \multicolumn{4}{c}{Model Adjustment}
                                                                            ...
I expect to see \omit only after tab marks or the \cr of
an alignment. Proceed, and I'll ignore this case.

! Misplaced \omit.
\multispan ->\omit 
                   \@multispan 
l.719 ...column{2}{c|}{$\ET$ {[}GeV{]} boundaries}
                                                   \DIFaddendFL & \DIFdelbeg...
I expect to see \omit only after tab marks or the \cr of
an alignment. Proceed, and I'll ignore this case.

! Misplaced \omit.
\multispan ->\omit 
                   \@multispan 
l.720 ...L \multicolumn{2}{l}{$|\eta|$ boundaries}
                                                          \DIFaddendFL \\ \h...
I expect to see \omit only after tab marks or the \cr of
an alignment. Proceed, and I'll ignore this case.

! Misplaced \omit.
\multispan ->\omit 
                   \@multispan 
l.722 ... \multicolumn{2}{c|}{$15 \leq \ET < 20 $}
                                                          \DIFaddendFL & \mu...
I expect to see \omit only after tab marks or the \cr of
an alignment. Proceed, and I'll ignore this case.

! Misplaced \omit.
\multispan ->\omit 
                   \@multispan 
l.724 ... \multicolumn{2}{c|}{$20 \leq \ET < 30 $}
                                                          \DIFaddendFL & \mu...
I expect to see \omit only after tab marks or the \cr of
an alignment. Proceed, and I'll ignore this case.

! Misplaced \omit.
\multispan ->\omit 
                   \@multispan 
l.726 ... \multicolumn{2}{c|}{$30 \leq \ET < 40 $}
                                                          \DIFaddendFL & \mu...
I expect to see \omit only after tab marks or the \cr of
an alignment. Proceed, and I'll ignore this case.

! Misplaced \omit.
\multispan ->\omit 
                   \@multispan 
l.728 ... \multicolumn{2}{c|}{$40 \leq \ET < 50 $}
                                                          \DIFaddendFL & \mu...
I expect to see \omit only after tab marks or the \cr of
an alignment. Proceed, and I'll ignore this case.

! Misplaced \omit.
\multispan ->\omit 
                   \@multispan 
l.730 ...lticolumn{2}{c|}{~~~~~~~~~$\ET \geq 50 $}
                                                      \DIFaddendFL & \multic...
I expect to see \omit only after tab marks or the \cr of
an alignment. Proceed, and I'll ignore this case.

[12 <./sections/02_ringer/figures/nn_output_versus_mu_with_tanh.pdf, page is ro
tated 90 degrees> <./sections/02_ringer/figures/nn_output_versus_mu.pdf, page i
s rotated 90 degrees>] [13 <./sections/02_ringer/figures/nn_output_mc15_versus_
data16_et2_eta0.pdf, page is rotated 90 degrees>]

Package hyperref Warning: Token not allowed in a PDF string (Unicode):
(hyperref)                removing `\<let>-command' on input line 752.


Package hyperref Warning: Token not allowed in a PDF string (Unicode):
(hyperref)                removing `\includegraphics' on input line 752.


Package hyperref Warning: Token not allowed in a PDF string (Unicode):
(hyperref)                removing `\DIFdelincludegraphics' on input line 752.


Package hyperref Warning: Token not allowed in a PDF string (Unicode):
(hyperref)                removing `\@ifnextchar' on input line 752.


Package hyperref Warning: Token not allowed in a PDF string (Unicode):
(hyperref)                removing `\sout' on input line 752.


Package hyperref Warning: Token not allowed in a PDF string (Unicode):
(hyperref)                removing `\<let>-command' on input line 752.


Package hyperref Warning: Token not allowed in a PDF string (Unicode):
(hyperref)                removing `\includegraphics' on input line 752.


Package hyperref Warning: Token not allowed in a PDF string (Unicode):
(hyperref)                removing `\DIFOincludegraphics' on input line 752.


Package hyperref Warning: Token not allowed in a PDF string (Unicode):
(hyperref)                removing `\<let>-command' on input line 752.


Package hyperref Warning: Token not allowed in a PDF string (Unicode):
(hyperref)                removing `\includegraphics' on input line 752.


Package hyperref Warning: Token not allowed in a PDF string (Unicode):
(hyperref)                removing `\DIFaddincludegraphics' on input line 752.


Package hyperref Warning: Token not allowed in a PDF string (Unicode):
(hyperref)                removing `\@ifnextchar' on input line 752.


Package hyperref Warning: Token not allowed in a PDF string (Unicode):
(hyperref)                removing `\uwave' on input line 752.


Package hyperref Warning: Token not allowed in a PDF string (Unicode):
(hyperref)                removing `\<let>-command' on input line 752.


Package hyperref Warning: Token not allowed in a PDF string (Unicode):
(hyperref)                removing `\includegraphics' on input line 752.


Package hyperref Warning: Token not allowed in a PDF string (Unicode):
(hyperref)                removing `\DIFOincludegraphics' on input line 752.


Package hyperref Warning: Token not allowed in a PDF string (Unicode):
(hyperref)                removing `\<let>-command' on input line 752.


Package hyperref Warning: Token not allowed in a PDF string (Unicode):
(hyperref)                removing `\includegraphics' on input line 752.


Package hyperref Warning: Token not allowed in a PDF string (Unicode):
(hyperref)                removing `\DIFdelincludegraphics' on input line 752.


Package hyperref Warning: Token not allowed in a PDF string (Unicode):
(hyperref)                removing `\@ifnextchar' on input line 752.


Package hyperref Warning: Token not allowed in a PDF string (Unicode):
(hyperref)                removing `\sout' on input line 752.


Package hyperref Warning: Token not allowed in a PDF string (Unicode):
(hyperref)                removing `\<let>-command' on input line 752.


Package hyperref Warning: Token not allowed in a PDF string (Unicode):
(hyperref)                removing `\includegraphics' on input line 752.


Package hyperref Warning: Token not allowed in a PDF string (Unicode):
(hyperref)                removing `\DIFOincludegraphics' on input line 752.


Package hyperref Warning: Token not allowed in a PDF string (Unicode):
(hyperref)                removing `\<let>-command' on input line 752.


Package hyperref Warning: Token not allowed in a PDF string (Unicode):
(hyperref)                removing `\includegraphics' on input line 752.


Package hyperref Warning: Token not allowed in a PDF string (Unicode):
(hyperref)                removing `\DIFaddincludegraphics' on input line 752.


Package hyperref Warning: Token not allowed in a PDF string (Unicode):
(hyperref)                removing `\@ifnextchar' on input line 752.


Package hyperref Warning: Token not allowed in a PDF string (Unicode):
(hyperref)                removing `\uwave' on input line 752.


Package hyperref Warning: Token not allowed in a PDF string (Unicode):
(hyperref)                removing `\<let>-command' on input line 752.


Package hyperref Warning: Token not allowed in a PDF string (Unicode):
(hyperref)                removing `\includegraphics' on input line 752.


Package hyperref Warning: Token not allowed in a PDF string (Unicode):
(hyperref)                removing `\DIFOincludegraphics' on input line 752.

! Extra }, or forgotten \endgroup.
l.764 ...7 runs \DIFaddbegin \DIFadd{($5.4~\ifb$}}
                                                  \DIFadd{)}\DIFaddend , whe...
I've deleted a group-closing symbol because it seems to be
spurious, as in `$x}$'. But perhaps the } is legitimate and
you forgot something else, as in `\hbox{$x}'. In such cases
the way to recover is to insert both the forgotten and the
deleted material, e.g., by typing `I$}'.


Package hyperref Warning: Token not allowed in a PDF string (Unicode):
(hyperref)                removing `\<let>-command' on input line 777.


Package hyperref Warning: Token not allowed in a PDF string (Unicode):
(hyperref)                removing `\includegraphics' on input line 777.


Package hyperref Warning: Token not allowed in a PDF string (Unicode):
(hyperref)                removing `\DIFdelincludegraphics' on input line 777.


Package hyperref Warning: Token not allowed in a PDF string (Unicode):
(hyperref)                removing `\@ifnextchar' on input line 777.


Package hyperref Warning: Token not allowed in a PDF string (Unicode):
(hyperref)                removing `\sout' on input line 777.


Package hyperref Warning: Token not allowed in a PDF string (Unicode):
(hyperref)                removing `\<let>-command' on input line 777.


Package hyperref Warning: Token not allowed in a PDF string (Unicode):
(hyperref)                removing `\includegraphics' on input line 777.


Package hyperref Warning: Token not allowed in a PDF string (Unicode):
(hyperref)                removing `\DIFOincludegraphics' on input line 777.


Package hyperref Warning: Token not allowed in a PDF string (Unicode):
(hyperref)                removing `\<let>-command' on input line 777.


Package hyperref Warning: Token not allowed in a PDF string (Unicode):
(hyperref)                removing `\includegraphics' on input line 777.


Package hyperref Warning: Token not allowed in a PDF string (Unicode):
(hyperref)                removing `\DIFaddincludegraphics' on input line 777.


Package hyperref Warning: Token not allowed in a PDF string (Unicode):
(hyperref)                removing `\@ifnextchar' on input line 777.


Package hyperref Warning: Token not allowed in a PDF string (Unicode):
(hyperref)                removing `\uwave' on input line 777.


Package hyperref Warning: Token not allowed in a PDF string (Unicode):
(hyperref)                removing `\<let>-command' on input line 777.


Package hyperref Warning: Token not allowed in a PDF string (Unicode):
(hyperref)                removing `\includegraphics' on input line 777.


Package hyperref Warning: Token not allowed in a PDF string (Unicode):
(hyperref)                removing `\DIFOincludegraphics' on input line 777.

[14]
<sections/03_operation/figures/efficiencies/eff_EGAM1_e28_ringer_and_noringer_2
017_after_ts1_HLT_et.pdf, id=515, 569.12625pt x 498.86375pt>
File: sections/03_operation/figures/efficiencies/eff_EGAM1_e28_ringer_and_norin
ger_2017_after_ts1_HLT_et.pdf Graphic file (type pdf)
<use sections/03_operation/figures/efficiencies/eff_EGAM1_e28_ringer_and_noring
er_2017_after_ts1_HLT_et.pdf>
Package pdftex.def Info: sections/03_operation/figures/efficiencies/eff_EGAM1_e
28_ringer_and_noringer_2017_after_ts1_HLT_et.pdf  used on input line 794.
(pdftex.def)             Requested size: 224.56194pt x 196.83969pt.
<sections/03_operation/figures/efficiencies/eff_EGAM1_e28_ringer_and_noringer_2
017_after_ts1_HLT_eta.pdf, id=516, 569.12625pt x 498.86375pt>
File: sections/03_operation/figures/efficiencies/eff_EGAM1_e28_ringer_and_norin
ger_2017_after_ts1_HLT_eta.pdf Graphic file (type pdf)
<use sections/03_operation/figures/efficiencies/eff_EGAM1_e28_ringer_and_noring
er_2017_after_ts1_HLT_eta.pdf>
Package pdftex.def Info: sections/03_operation/figures/efficiencies/eff_EGAM1_e
28_ringer_and_noringer_2017_after_ts1_HLT_eta.pdf  used on input line 800.
(pdftex.def)             Requested size: 224.56194pt x 196.83969pt.
<sections/03_operation/figures/efficiencies/eff_EGAM1_e28_ringer_and_noringer_2
017_after_ts1_HLT_mu.pdf, id=517, 569.12625pt x 498.86375pt>
File: sections/03_operation/figures/efficiencies/eff_EGAM1_e28_ringer_and_norin
ger_2017_after_ts1_HLT_mu.pdf Graphic file (type pdf)
<use sections/03_operation/figures/efficiencies/eff_EGAM1_e28_ringer_and_noring
er_2017_after_ts1_HLT_mu.pdf>
Package pdftex.def Info: sections/03_operation/figures/efficiencies/eff_EGAM1_e
28_ringer_and_noringer_2017_after_ts1_HLT_mu.pdf  used on input line 807.
(pdftex.def)             Requested size: 224.56194pt x 196.83969pt.
<sections/03_operation/figures/efficiencies/eff_EGAM1_e17_e26_e60_2017_before_a
nd_after_ts1_et.pdf, id=518, 569.12625pt x 498.86375pt>
File: sections/03_operation/figures/efficiencies/eff_EGAM1_e17_e26_e60_2017_bef
ore_and_after_ts1_et.pdf Graphic file (type pdf)
<use sections/03_operation/figures/efficiencies/eff_EGAM1_e17_e26_e60_2017_befo
re_and_after_ts1_et.pdf>
Package pdftex.def Info: sections/03_operation/figures/efficiencies/eff_EGAM1_e
17_e26_e60_2017_before_and_after_ts1_et.pdf  used on input line 825.
(pdftex.def)             Requested size: 224.56194pt x 196.83969pt.
<sections/03_operation/figures/efficiencies/eff_EGAM1_e17_e26_e60_2017_before_a
nd_after_ts1_eta.pdf, id=519, 569.12625pt x 498.86375pt>
File: sections/03_operation/figures/efficiencies/eff_EGAM1_e17_e26_e60_2017_bef
ore_and_after_ts1_eta.pdf Graphic file (type pdf)
<use sections/03_operation/figures/efficiencies/eff_EGAM1_e17_e26_e60_2017_befo
re_and_after_ts1_eta.pdf>
Package pdftex.def Info: sections/03_operation/figures/efficiencies/eff_EGAM1_e
17_e26_e60_2017_before_and_after_ts1_eta.pdf  used on input line 831.
(pdftex.def)             Requested size: 224.56194pt x 196.83969pt.
 [15 <./sections/03_operation/figures/efficiencies/eff_EGAM1_e28_ringer_and_nor
inger_2017_after_ts1_HLT_et.pdf, page is rotated 90 degrees> <./sections/03_ope
ration/figures/efficiencies/eff_EGAM1_e28_ringer_and_noringer_2017_after_ts1_HL
T_eta.pdf, page is rotated 90 degrees> <./sections/03_operation/figures/efficie
ncies/eff_EGAM1_e28_ringer_and_noringer_2017_after_ts1_HLT_mu.pdf, page is rota
ted 90 degrees>]
<sections/03_operation/figures/efficiencies/eff_EGAM7_e28_ringer_and_noringer_2
017_after_ts1_L2Calo_et.pdf, id=656, 569.12625pt x 498.86375pt>
File: sections/03_operation/figures/efficiencies/eff_EGAM7_e28_ringer_and_norin
ger_2017_after_ts1_L2Calo_et.pdf Graphic file (type pdf)
<use sections/03_operation/figures/efficiencies/eff_EGAM7_e28_ringer_and_noring
er_2017_after_ts1_L2Calo_et.pdf>
Package pdftex.def Info: sections/03_operation/figures/efficiencies/eff_EGAM7_e
28_ringer_and_noringer_2017_after_ts1_L2Calo_et.pdf  used on input line 859.
(pdftex.def)             Requested size: 224.56194pt x 196.83969pt.
<sections/03_operation/figures/efficiencies/eff_EGAM7_e28_ringer_and_noringer_2
017_after_ts1_HLT_et.pdf, id=657, 569.12625pt x 498.86375pt>
File: sections/03_operation/figures/efficiencies/eff_EGAM7_e28_ringer_and_norin
ger_2017_after_ts1_HLT_et.pdf Graphic file (type pdf)
<use sections/03_operation/figures/efficiencies/eff_EGAM7_e28_ringer_and_noring
er_2017_after_ts1_HLT_et.pdf>
Package pdftex.def Info: sections/03_operation/figures/efficiencies/eff_EGAM7_e
28_ringer_and_noringer_2017_after_ts1_HLT_et.pdf  used on input line 865.
(pdftex.def)             Requested size: 224.56194pt x 196.83969pt.
<sections/03_operation/figures/efficiencies/eff_EGAM7_e28_ringer_and_noringer_2
017_after_ts1_L2Calo_eta.pdf, id=658, 569.12625pt x 498.86375pt>
File: sections/03_operation/figures/efficiencies/eff_EGAM7_e28_ringer_and_norin
ger_2017_after_ts1_L2Calo_eta.pdf Graphic file (type pdf)
<use sections/03_operation/figures/efficiencies/eff_EGAM7_e28_ringer_and_noring
er_2017_after_ts1_L2Calo_eta.pdf>
Package pdftex.def Info: sections/03_operation/figures/efficiencies/eff_EGAM7_e
28_ringer_and_noringer_2017_after_ts1_L2Calo_eta.pdf  used on input line 871.
(pdftex.def)             Requested size: 224.56194pt x 196.83969pt.
<sections/03_operation/figures/efficiencies/eff_EGAM7_e28_ringer_and_noringer_2
017_after_ts1_HLT_eta.pdf, id=659, 569.12625pt x 498.86375pt>
File: sections/03_operation/figures/efficiencies/eff_EGAM7_e28_ringer_and_norin
ger_2017_after_ts1_HLT_eta.pdf Graphic file (type pdf)
<use sections/03_operation/figures/efficiencies/eff_EGAM7_e28_ringer_and_noring
er_2017_after_ts1_HLT_eta.pdf>
Package pdftex.def Info: sections/03_operation/figures/efficiencies/eff_EGAM7_e
28_ringer_and_noringer_2017_after_ts1_HLT_eta.pdf  used on input line 877.
(pdftex.def)             Requested size: 224.56194pt x 196.83969pt.

Underfull \hbox (badness 10000) in paragraph at lines 857--880

 []

Runaway argument?
{Efficiency of selecting background at \DIFaddbeginFL \DIFaddFL {the \ETC.
! Paragraph ended before \caption@prepareanchor was complete.
<to be read again> 
                   \par 
l.885 \DIFdelendFL }
                    
I suspect you've forgotten a `}', causing me to apply this
control sequence to too much text. How can we recover?
My plan is to forget the whole thing and hope for the best.

Runaway argument?
{\ignorespaces Efficiency of selecting background at \DIFaddbeginFL \DIFaddFL \
ETC.
! Paragraph ended before \caption@@@addcontentsline was complete.
<to be read again> 
                   \par 
l.885 \DIFdelendFL }
                    
I suspect you've forgotten a `}', causing me to apply this
control sequence to too much text. How can we recover?
My plan is to forget the whole thing and hope for the best.

! Extra }, or forgotten \endgroup.
\caption@@addcontentsline ...n@chkfloat {#1}{#2}}}
                                                  
l.885 \DIFdelendFL }
                    
I've deleted a group-closing symbol because it seems to be
spurious, as in `$x}$'. But perhaps the } is legitimate and
you forgot something else, as in `\hbox{$x}'. In such cases
the way to recover is to insert both the forgotten and the
deleted material, e.g., by typing `I$}'.

! Extra }, or forgotten \endgroup.
\@endfloatbox ...pagefalse \outer@nobreak \egroup 
                                                  \color@endbox 
l.891 \DIFdelendFL \end{figure}
                               
I've deleted a group-closing symbol because it seems to be
spurious, as in `$x}$'. But perhaps the } is legitimate and
you forgot something else, as in `\hbox{$x}'. In such cases
the way to recover is to insert both the forgotten and the
deleted material, e.g., by typing `I$}'.

Excluding 'comment' comment.

Package hyperref Warning: Token not allowed in a PDF string (Unicode):
(hyperref)                removing `\<let>-command' on input line 913.


Package hyperref Warning: Token not allowed in a PDF string (Unicode):
(hyperref)                removing `\includegraphics' on input line 913.


Package hyperref Warning: Token not allowed in a PDF string (Unicode):
(hyperref)                removing `\DIFdelincludegraphics' on input line 913.


Package hyperref Warning: Token not allowed in a PDF string (Unicode):
(hyperref)                removing `\@ifnextchar' on input line 913.


Package hyperref Warning: Token not allowed in a PDF string (Unicode):
(hyperref)                removing `\sout' on input line 913.


Package hyperref Warning: Token not allowed in a PDF string (Unicode):
(hyperref)                removing `\<let>-command' on input line 913.


Package hyperref Warning: Token not allowed in a PDF string (Unicode):
(hyperref)                removing `\includegraphics' on input line 913.


Package hyperref Warning: Token not allowed in a PDF string (Unicode):
(hyperref)                removing `\DIFOincludegraphics' on input line 913.


Package hyperref Warning: Token not allowed in a PDF string (Unicode):
(hyperref)                removing `\<let>-command' on input line 913.


Package hyperref Warning: Token not allowed in a PDF string (Unicode):
(hyperref)                removing `\includegraphics' on input line 913.


Package hyperref Warning: Token not allowed in a PDF string (Unicode):
(hyperref)                removing `\DIFaddincludegraphics' on input line 913.


Package hyperref Warning: Token not allowed in a PDF string (Unicode):
(hyperref)                removing `\@ifnextchar' on input line 913.


Package hyperref Warning: Token not allowed in a PDF string (Unicode):
(hyperref)                removing `\uwave' on input line 913.


Package hyperref Warning: Token not allowed in a PDF string (Unicode):
(hyperref)                removing `\<let>-command' on input line 913.


Package hyperref Warning: Token not allowed in a PDF string (Unicode):
(hyperref)                removing `\includegraphics' on input line 913.


Package hyperref Warning: Token not allowed in a PDF string (Unicode):
(hyperref)                removing `\DIFOincludegraphics' on input line 913.

[16 <./sections/03_operation/figures/efficiencies/eff_EGAM1_e17_e26_e60_2017_be
fore_and_after_ts1_et.pdf, page is rotated 90 degrees> <./sections/03_operation
/figures/efficiencies/eff_EGAM1_e17_e26_e60_2017_before_and_after_ts1_eta.pdf, 
page is rotated 90 degrees>]

Package hyperref Warning: Token not allowed in a PDF string (Unicode):
(hyperref)                removing `\<let>-command' on input line 923.


Package hyperref Warning: Token not allowed in a PDF string (Unicode):
(hyperref)                removing `\includegraphics' on input line 923.


Package hyperref Warning: Token not allowed in a PDF string (Unicode):
(hyperref)                removing `\DIFdelincludegraphics' on input line 923.


Package hyperref Warning: Token not allowed in a PDF string (Unicode):
(hyperref)                removing `\@ifnextchar' on input line 923.


Package hyperref Warning: Token not allowed in a PDF string (Unicode):
(hyperref)                removing `\sout' on input line 923.


Package hyperref Warning: Token not allowed in a PDF string (Unicode):
(hyperref)                removing `\<let>-command' on input line 923.


Package hyperref Warning: Token not allowed in a PDF string (Unicode):
(hyperref)                removing `\includegraphics' on input line 923.


Package hyperref Warning: Token not allowed in a PDF string (Unicode):
(hyperref)                removing `\DIFOincludegraphics' on input line 923.


Package hyperref Warning: Token not allowed in a PDF string (Unicode):
(hyperref)                removing `\<let>-command' on input line 923.


Package hyperref Warning: Token not allowed in a PDF string (Unicode):
(hyperref)                removing `\includegraphics' on input line 923.


Package hyperref Warning: Token not allowed in a PDF string (Unicode):
(hyperref)                removing `\DIFaddincludegraphics' on input line 923.


Package hyperref Warning: Token not allowed in a PDF string (Unicode):
(hyperref)                removing `\@ifnextchar' on input line 923.


Package hyperref Warning: Token not allowed in a PDF string (Unicode):
(hyperref)                removing `\uwave' on input line 923.


Package hyperref Warning: Token not allowed in a PDF string (Unicode):
(hyperref)                removing `\<let>-command' on input line 923.


Package hyperref Warning: Token not allowed in a PDF string (Unicode):
(hyperref)                removing `\includegraphics' on input line 923.


Package hyperref Warning: Token not allowed in a PDF string (Unicode):
(hyperref)                removing `\DIFOincludegraphics' on input line 923.

[17
pdfTeX warning (ext4): destination with the same identifier (name{figure.captio
n.11}) has been already used, duplicate ignored
<argument> ...shipout:D \box_use:N \l_shipout_box 
                                                  \__shipout_drop_firstpage_...
l.930 
       <./sections/03_operation/figures/efficiencies/eff_EGAM7_e28_ringer_and_n
oringer_2017_after_ts1_L2Calo_et.pdf, page is rotated 90 degrees> <./sections/0
3_operation/figures/efficiencies/eff_EGAM7_e28_ringer_and_noringer_2017_after_t
s1_HLT_et.pdf, page is rotated 90 degrees> <./sections/03_operation/figures/eff
iciencies/eff_EGAM7_e28_ringer_and_noringer_2017_after_ts1_L2Calo_eta.pdf, page
 is rotated 90 degrees> <./sections/03_operation/figures/efficiencies/eff_EGAM7
_e28_ringer_and_noringer_2017_after_ts1_HLT_eta.pdf, page is rotated 90 degrees
>]
<sections/03_operation/figures/EgammaFex_TotalTime.pdf, id=934, 569.12625pt x 3
85.44pt>
File: sections/03_operation/figures/EgammaFex_TotalTime.pdf Graphic file (type 
pdf)
<use sections/03_operation/figures/EgammaFex_TotalTime.pdf>
Package pdftex.def Info: sections/03_operation/figures/EgammaFex_TotalTime.pdf 
 used on input line 947.
(pdftex.def)             Requested size: 320.79778pt x 217.2682pt.
<sections/03_operation/figures/EgammaHypo_TotalTime.pdf, id=935, 569.12625pt x 
385.44pt>
File: sections/03_operation/figures/EgammaHypo_TotalTime.pdf Graphic file (type
 pdf)
<use sections/03_operation/figures/EgammaHypo_TotalTime.pdf>
Package pdftex.def Info: sections/03_operation/figures/EgammaHypo_TotalTime.pdf
  used on input line 955.
(pdftex.def)             Requested size: 320.79778pt x 217.2682pt.
 [18 <./sections/03_operation/figures/EgammaFex_TotalTime.pdf, page is rotated 
90 degrees>]

Package siunitx Info: Option "number-unit-product" has been deprecated in this
(siunitx)             release.
(siunitx)             
(siunitx)             Use "quantity-product" as a replacement.


Package siunitx Info: Option "number-unit-product" has been deprecated in this
(siunitx)             release.
(siunitx)             
(siunitx)             Use "quantity-product" as a replacement.

 [19 <./sections/03_operation/figures/EgammaHypo_TotalTime.pdf, page is rotated
 90 degrees>]

Package hyperref Warning: Token not allowed in a PDF string (Unicode):
(hyperref)                removing `\<let>-command' on input line 996.


Package hyperref Warning: Token not allowed in a PDF string (Unicode):
(hyperref)                removing `\includegraphics' on input line 996.


Package hyperref Warning: Token not allowed in a PDF string (Unicode):
(hyperref)                removing `\DIFdelincludegraphics' on input line 996.


Package hyperref Warning: Token not allowed in a PDF string (Unicode):
(hyperref)                removing `\@ifnextchar' on input line 996.


Package hyperref Warning: Token not allowed in a PDF string (Unicode):
(hyperref)                removing `\sout' on input line 996.


Package hyperref Warning: Token not allowed in a PDF string (Unicode):
(hyperref)                removing `\<let>-command' on input line 996.


Package hyperref Warning: Token not allowed in a PDF string (Unicode):
(hyperref)                removing `\includegraphics' on input line 996.


Package hyperref Warning: Token not allowed in a PDF string (Unicode):
(hyperref)                removing `\DIFOincludegraphics' on input line 996.


Package hyperref Warning: Token not allowed in a PDF string (Unicode):
(hyperref)                removing `\<let>-command' on input line 996.


Package hyperref Warning: Token not allowed in a PDF string (Unicode):
(hyperref)                removing `\includegraphics' on input line 996.


Package hyperref Warning: Token not allowed in a PDF string (Unicode):
(hyperref)                removing `\DIFaddincludegraphics' on input line 996.


Package hyperref Warning: Token not allowed in a PDF string (Unicode):
(hyperref)                removing `\@ifnextchar' on input line 996.


Package hyperref Warning: Token not allowed in a PDF string (Unicode):
(hyperref)                removing `\uwave' on input line 996.


Package hyperref Warning: Token not allowed in a PDF string (Unicode):
(hyperref)                removing `\<let>-command' on input line 996.


Package hyperref Warning: Token not allowed in a PDF string (Unicode):
(hyperref)                removing `\includegraphics' on input line 996.


Package hyperref Warning: Token not allowed in a PDF string (Unicode):
(hyperref)                removing `\DIFOincludegraphics' on input line 996.

! Too many }'s.
l.1017 ...lectron (Homogeneity Tests\DIFaddbegin }
                                                  \DIFaddend ) or to the pro...
You've closed more groups than you opened.
Such booboos are generally harmless, so keep going.

! Too many }'s.
l.1017 ...Faddend (Quadrant Analysis\DIFaddbegin }
                                                  \DIFaddend ).
You've closed more groups than you opened.
Such booboos are generally harmless, so keep going.

[20]
<sections/04_analysis/figures/quadrant_plots/reta.pdf, id=1061, 569.12625pt x 5
99.23875pt>
File: sections/04_analysis/figures/quadrant_plots/reta.pdf Graphic file (type p
df)
<use sections/04_analysis/figures/quadrant_plots/reta.pdf>
Package pdftex.def Info: sections/04_analysis/figures/quadrant_plots/reta.pdf  
used on input line 1085.
(pdftex.def)             Requested size: 224.56194pt x 236.44527pt.
<sections/04_analysis/figures/quadrant_plots/rphi.pdf, id=1062, 569.12625pt x 5
99.23875pt>
File: sections/04_analysis/figures/quadrant_plots/rphi.pdf Graphic file (type p
df)
<use sections/04_analysis/figures/quadrant_plots/rphi.pdf>
Package pdftex.def Info: sections/04_analysis/figures/quadrant_plots/rphi.pdf  
used on input line 1092.
(pdftex.def)             Requested size: 224.56194pt x 236.44527pt.
<sections/04_analysis/figures/quadrant_plots/eratio.pdf, id=1063, 569.12625pt x
 599.23875pt>
File: sections/04_analysis/figures/quadrant_plots/eratio.pdf Graphic file (type
 pdf)
<use sections/04_analysis/figures/quadrant_plots/eratio.pdf>
Package pdftex.def Info: sections/04_analysis/figures/quadrant_plots/eratio.pdf
  used on input line 1099.
(pdftex.def)             Requested size: 224.56194pt x 236.44527pt.
<sections/04_analysis/figures/quadrant_plots/rhad.pdf, id=1064, 569.12625pt x 5
99.23875pt>
File: sections/04_analysis/figures/quadrant_plots/rhad.pdf Graphic file (type p
df)
<use sections/04_analysis/figures/quadrant_plots/rhad.pdf>
Package pdftex.def Info: sections/04_analysis/figures/quadrant_plots/rhad.pdf  
used on input line 1105.
(pdftex.def)             Requested size: 224.56194pt x 236.44527pt.


LaTeX Warning: `!h' float specifier changed to `!ht'.

Excluding 'comment' comment. [21] [22 <./sections/04_analysis/figures/quadrant_
plots/reta.pdf> <./sections/04_analysis/figures/quadrant_plots/rphi.pdf> <./sec
tions/04_analysis/figures/quadrant_plots/eratio.pdf> <./sections/04_analysis/fi
gures/quadrant_plots/rhad.pdf>] [23]
<sections/04_analysis/figures/noAdjustment/el_reta_et40eta0_00_sigma_base_new.p
df, id=1269, 569.12625pt x 541.02126pt>
File: sections/04_analysis/figures/noAdjustment/el_reta_et40eta0_00_sigma_base_
new.pdf Graphic file (type pdf)
<use sections/04_analysis/figures/noAdjustment/el_reta_et40eta0_00_sigma_base_n
ew.pdf>
Package pdftex.def Info: sections/04_analysis/figures/noAdjustment/el_reta_et40
eta0_00_sigma_base_new.pdf  used on input line 1206.
(pdftex.def)             Requested size: 219.97461pt x 209.11522pt.
<sections/04_analysis/figures/noAdjustment/el_rphi_et40eta0_00_sigma_base_new.p
df, id=1270, 569.12625pt x 541.02126pt>
File: sections/04_analysis/figures/noAdjustment/el_rphi_et40eta0_00_sigma_base_
new.pdf Graphic file (type pdf)
<use sections/04_analysis/figures/noAdjustment/el_rphi_et40eta0_00_sigma_base_n
ew.pdf>
Package pdftex.def Info: sections/04_analysis/figures/noAdjustment/el_rphi_et40
eta0_00_sigma_base_new.pdf  used on input line 1213.
(pdftex.def)             Requested size: 219.97461pt x 209.11522pt.
<sections/04_analysis/figures/noAdjustment/el_eratio_et40eta0_00_sigma_base_new
.pdf, id=1271, 569.12625pt x 541.02126pt>
File: sections/04_analysis/figures/noAdjustment/el_eratio_et40eta0_00_sigma_bas
e_new.pdf Graphic file (type pdf)
<use sections/04_analysis/figures/noAdjustment/el_eratio_et40eta0_00_sigma_base
_new.pdf>
Package pdftex.def Info: sections/04_analysis/figures/noAdjustment/el_eratio_et
40eta0_00_sigma_base_new.pdf  used on input line 1219.
(pdftex.def)             Requested size: 219.97461pt x 209.11522pt.
<sections/04_analysis/figures/noAdjustment/el_rhad_et40eta0_00_sigma_base_new.p
df, id=1272, 569.12625pt x 541.02126pt>
File: sections/04_analysis/figures/noAdjustment/el_rhad_et40eta0_00_sigma_base_
new.pdf Graphic file (type pdf)
<use sections/04_analysis/figures/noAdjustment/el_rhad_et40eta0_00_sigma_base_n
ew.pdf>
Package pdftex.def Info: sections/04_analysis/figures/noAdjustment/el_rhad_et40
eta0_00_sigma_base_new.pdf  used on input line 1226.
(pdftex.def)             Requested size: 219.97461pt x 209.11522pt.


LaTeX Warning: `!h' float specifier changed to `!ht'.

[24] [25 <./sections/04_analysis/figures/noAdjustment/el_reta_et40eta0_00_sigma
_base_new.pdf, page is rotated 90 degrees> <./sections/04_analysis/figures/noAd
justment/el_rphi_et40eta0_00_sigma_base_new.pdf, page is rotated 90 degrees> <.
/sections/04_analysis/figures/noAdjustment/el_eratio_et40eta0_00_sigma_base_new
.pdf, page is rotated 90 degrees> <./sections/04_analysis/figures/noAdjustment/
el_rhad_et40eta0_00_sigma_base_new.pdf, page is rotated 90 degrees>]
Excluding 'comment' comment. [26] [27] [28]
LaTeX Font Info:    Font shape `T1/ntxtt/m/n' will be
(Font)              scaled to size 10.95pt on input line 1418.
LaTeX Font Info:    Font shape `T1/ntxtlf/m/it' will be
(Font)              scaled to size 8.0pt on input line 1418.
LaTeX Font Info:    Font shape `T1/ntxtlf/m/it' will be
(Font)              scaled to size 6.1pt on input line 1418.
LaTeX Font Info:    Font shape `T1/ntxtlf/m/sc' will be
(Font)              scaled to size 10.95pt on input line 1418.
Package microtype Info: Character `029' is missing
(microtype)             in font `T1/ntxtlf/m/sc/10.95'.
(microtype)             Ignoring protrusion settings for this character.
 [29

] [30] (./paper-diff.aux)
Package logreq Info: Writing requests to 'paper-diff.run.xml'.
\openout1 = `paper-diff.run.xml'.

 ) 
Here is how much of TeX's memory you used:
 53837 strings out of 478268
 1078861 string characters out of 5846346
 1985021 words of memory out of 5000000
 70842 multiletter control sequences out of 15000+600000
 651500 words of font info for 335 fonts, out of 8000000 for 9000
 1141 hyphenation exceptions out of 8191
 122i,24n,121p,10647b,3633s stack positions out of 10000i,1000n,20000p,200000b,200000s
{/usr/local/texlive/2022/texmf-dist/fonts/enc/dvips/newtx/ntx-ec-tlf-pc.enc}{
/usr/local/texlive/2022/texmf-dist/fonts/enc/dvips/newtx/ntx-ec-tlf.enc}{/usr/l
ocal/texlive/2022/texmf-dist/fonts/enc/dvips/newtx/ntx-ot1-tlf.enc}{/usr/local/
texlive/2022/texmf-dist/fonts/enc/dvips/tex-gyre/q-ts1.enc}{/usr/local/texlive/
2022/texmf-dist/fonts/enc/dvips/tex-gyre/q-ec.enc}</usr/local/texlive/2022/texm
f-dist/fonts/type1/public/newtx/NewTXMI.pfb></usr/local/texlive/2022/texmf-dist
/fonts/type1/public/newtx/NewTXMI7.pfb></usr/local/texlive/2022/texmf-dist/font
s/type1/public/amsfonts/latxfont/lasy6.pfb></usr/local/texlive/2022/texmf-dist/
fonts/type1/public/tex-gyre/qhvb.pfb></usr/local/texlive/2022/texmf-dist/fonts/
type1/public/tex-gyre/qhvr.pfb></usr/local/texlive/2022/texmf-dist/fonts/type1/
public/tex-gyre/qhvri.pfb></usr/local/texlive/2022/texmf-dist/fonts/type1/publi
c/tex-gyre/qtmr.pfb></usr/local/texlive/2022/texmf-dist/fonts/type1/public/txfo
nts/t1xtt.pfb></usr/local/texlive/2022/texmf-dist/fonts/type1/public/newtx/txex
s.pfb></usr/local/texlive/2022/texmf-dist/fonts/type1/public/newtx/txmiaX.pfb><
/usr/local/texlive/2022/texmf-dist/fonts/type1/public/newtx/txsys.pfb></usr/loc
al/texlive/2022/texmf-dist/fonts/type1/public/newtx/ztmb.pfb></usr/local/texliv
e/2022/texmf-dist/fonts/type1/public/newtx/ztmr.pfb></usr/local/texlive/2022/te
xmf-dist/fonts/type1/public/newtx/ztmri.pfb>
Output written on paper-diff.pdf (32 pages, 1893331 bytes).
PDF statistics:
 1694 PDF objects out of 1728 (max. 8388607)
 943 compressed objects within 10 object streams
 112 named destinations out of 1000 (max. 500000)
 83753 words of extra memory for PDF output out of 89155 (max. 10000000)

